idAcceso,codOpe,numEmpresa,orden,visible,texto
1,1,1,0,0,Bases de Datos
1,1,2,0,0,Bases de Datos
1,8,1,0,0,Bases de Datos
1,9,1,0,0,Bases de Datos
1,9,2,0,0,Bases de Datos
2,1,1,1,0,Potenciales
2,1,2,1,0,Potenciales
2,8,1,1,0,Potenciales
2,9,1,1,0,Potenciales
2,9,2,1,0,Potenciales
3,1,1,2,0,Clientes
3,1,2,2,0,Clientes
3,8,1,2,0,Clientes
3,9,1,2,0,Clientes
3,9,2,2,0,Clientes
4,1,1,0,0,Alumnos
4,1,2,0,0,Alumnos
4,8,1,0,0,Alumnos
4,9,1,0,0,Alumnos
4,9,2,0,0,Alumnos
5,1,1,0,1,Pacientes
5,1,2,0,1,Pacientes
5,8,1,0,1,Pacientes
5,9,1,0,1,Pacientes
5,9,2,0,1,Pacientes
6,1,1,3,0,Expedientes
6,1,2,3,0,Expedientes
6,8,1,3,0,Expedientes
6,9,1,3,0,Expedientes
6,9,2,3,0,Expedientes
7,1,1,4,0,Trabajadores
7,1,2,4,0,Trabajadores
7,8,1,4,0,Trabajadores
7,9,1,4,0,Trabajadores
7,9,2,4,0,Trabajadores
8,1,1,5,0,Contactos
8,1,2,5,0,Contactos
8,8,1,5,0,Contactos
8,9,1,5,0,Contactos
8,9,2,5,0,Contactos
9,1,1,6,0,Proveedores
9,1,2,6,0,Proveedores
9,8,1,6,0,Proveedores
9,9,1,6,0,Proveedores
9,9,2,6,0,Proveedores
10,1,1,7,0,Aseguradoras
10,1,2,7,0,Aseguradoras
10,8,1,7,0,Aseguradoras
10,9,1,7,0,Aseguradoras
10,9,2,7,0,Aseguradoras
11,1,1,0,0,Mascotas
11,1,2,0,0,Mascotas
11,8,1,0,0,Mascotas
11,9,1,0,0,Mascotas
11,9,2,0,0,Mascotas
12,1,1,0,0,Compañías
12,1,2,0,0,Compañías
12,8,1,0,0,Compañías
12,9,1,0,0,Compañías
12,9,2,0,0,Compañías
13,1,1,0,0,Voluntarios
13,1,2,0,0,Voluntarios
13,8,1,0,0,Voluntarios
13,9,1,0,0,Voluntarios
13,9,2,0,0,Voluntarios
14,1,1,0,0,Financiadores
14,1,2,0,0,Financiadores
14,8,1,0,0,Financiadores
14,9,1,0,0,Financiadores
14,9,2,0,0,Financiadores
15,1,1,0,0,Tercera Edad
15,1,2,0,0,Tercera Edad
15,8,1,0,0,Tercera Edad
15,9,1,0,0,Tercera Edad
15,9,2,0,0,Tercera Edad
16,1,1,8,0,Ficheros
16,1,2,8,0,Ficheros
16,8,1,8,0,Ficheros
16,9,1,8,0,Ficheros
16,9,2,8,0,Ficheros
17,1,1,9,0,Personas de Contacto
17,1,2,9,0,Personas de Contacto
17,8,1,9,0,Personas de Contacto
17,9,1,9,0,Personas de Contacto
17,9,2,9,0,Personas de Contacto
18,1,1,0,0,Contrarios
18,1,2,0,0,Contrarios
18,8,1,0,0,Contrarios
18,9,1,0,0,Contrarios
18,9,2,0,0,Contrarios
19,1,1,0,0,Abogados
19,1,2,0,0,Abogados
19,8,1,0,0,Abogados
19,9,1,0,0,Abogados
19,9,2,0,0,Abogados
20,1,1,0,0,Procuradores
20,1,2,0,0,Procuradores
20,8,1,0,0,Procuradores
20,9,1,0,0,Procuradores
20,9,2,0,0,Procuradores
21,1,1,0,0,Juzgados
21,1,2,0,0,Juzgados
21,8,1,0,0,Juzgados
21,9,1,0,0,Juzgados
21,9,2,0,0,Juzgados
22,1,1,0,0,Poderes
22,1,2,0,0,Poderes
22,8,1,0,0,Poderes
22,9,1,0,0,Poderes
22,9,2,0,0,Poderes
23,1,1,0,0,Colaboradores
23,1,2,0,0,Colaboradores
23,8,1,0,0,Colaboradores
23,9,1,0,0,Colaboradores
23,9,2,0,0,Colaboradores
24,1,1,0,0,Organismos
24,1,2,0,0,Organismos
24,8,1,0,0,Organismos
24,9,1,0,0,Organismos
24,9,2,0,0,Organismos
25,1,1,0,0,Inmuebles
25,1,2,0,0,Inmuebles
25,8,1,0,0,Inmuebles
25,9,1,0,0,Inmuebles
25,9,2,0,0,Inmuebles
26,1,1,0,0,Notarías
26,1,2,0,0,Notarías
26,8,1,0,0,Notarías
26,9,1,0,0,Notarías
26,9,2,0,0,Notarías
27,1,1,0,0,Promotoras
27,1,2,0,0,Promotoras
27,8,1,0,0,Promotoras
27,9,1,0,0,Promotoras
27,9,2,0,0,Promotoras
28,1,1,0,0,Vehículos
28,1,2,0,0,Vehículos
28,8,1,0,0,Vehículos
28,9,1,0,0,Vehículos
28,9,2,0,0,Vehículos
29,1,1,0,0,Agencias Inmobiliarias
29,1,2,0,0,Agencias Inmobiliarias
29,8,1,0,0,Agencias Inmobiliarias
29,9,1,0,0,Agencias Inmobiliarias
29,9,2,0,0,Agencias Inmobiliarias
30,1,1,0,0,Constructoras
30,1,2,0,0,Constructoras
30,8,1,0,0,Constructoras
30,9,1,0,0,Constructoras
30,9,2,0,0,Constructoras
31,1,1,0,0,Proveedores
31,1,2,0,0,Proveedores
31,8,1,0,0,Proveedores
31,9,1,0,0,Proveedores
31,9,2,0,0,Proveedores
32,1,1,0,0,Fichero Libre 1
32,1,2,0,0,Fichero Libre 1
32,8,1,0,0,Fichero Libre 1
32,9,1,0,0,Fichero Libre 1
32,9,2,0,0,Fichero Libre 1
33,1,1,0,0,Fichero Libre 2
33,1,2,0,0,Fichero Libre 2
33,8,1,0,0,Fichero Libre 2
33,9,1,0,0,Fichero Libre 2
33,9,2,0,0,Fichero Libre 2
34,1,1,0,0,Fichero Libre 3
34,1,2,0,0,Fichero Libre 3
34,8,1,0,0,Fichero Libre 3
34,9,1,0,0,Fichero Libre 3
34,9,2,0,0,Fichero Libre 3
35,1,1,0,0,Peritos
35,1,2,0,0,Peritos
35,8,1,0,0,Peritos
35,9,1,0,0,Peritos
35,9,2,0,0,Peritos
36,1,1,0,0,Talleres
36,1,2,0,0,Talleres
36,8,1,0,0,Talleres
36,9,1,0,0,Talleres
36,9,2,0,0,Talleres
37,1,1,0,0,Asegurados
37,1,2,0,0,Asegurados
37,8,1,0,0,Asegurados
37,9,1,0,0,Asegurados
37,9,2,0,0,Asegurados
38,1,1,0,0,Colitigantes
38,1,2,0,0,Colitigantes
38,8,1,0,0,Colitigantes
38,9,1,0,0,Colitigantes
38,9,2,0,0,Colitigantes
39,1,1,8,0,Agenda
39,1,2,8,0,Agenda
39,8,1,10,0,Agenda
39,9,1,10,0,Agenda
39,9,2,10,0,Agenda
41,1,1,9,0,Sincronización Agenda
41,1,2,9,0,Sincronización Agenda
41,8,1,11,0,Sincronización Agenda
41,9,1,11,0,Sincronización Agenda
41,9,2,11,0,Sincronización Agenda
42,1,1,10,0,Office 365/Outlook
42,1,2,10,0,Office 365/Outlook
42,8,1,12,0,Office 365/Outlook
42,9,1,12,0,Office 365/Outlook
42,9,2,12,0,Office 365/Outlook
43,1,1,11,0,Google Calendar
43,1,2,11,0,Google Calendar
43,8,1,13,0,Google Calendar
43,9,1,13,0,Google Calendar
43,9,2,13,0,Google Calendar
44,1,1,12,0,Correo
44,1,2,12,0,Correo
44,8,1,14,0,Correo
44,9,1,14,0,Correo
44,9,2,14,0,Correo
47,1,1,13,0,Adjuntos
47,1,2,13,0,Adjuntos
47,8,1,15,0,Adjuntos
47,9,1,15,0,Adjuntos
47,9,2,15,0,Adjuntos
50,1,1,14,0,Control de Adjuntos
50,1,2,14,0,Control de Adjuntos
50,8,1,16,0,Control de Adjuntos
50,9,1,16,0,Control de Adjuntos
50,9,2,16,0,Control de Adjuntos
51,1,1,0,0,Documentación Interna
51,1,2,0,0,Documentación Interna
51,8,1,0,0,Documentación Interna
51,9,1,0,0,Documentación Interna
51,9,2,0,0,Documentación Interna
52,1,1,15,0,Facturación Emitida
52,1,2,15,0,Facturación Emitida
52,8,1,17,0,Facturación Emitida
52,9,1,17,0,Facturación Emitida
52,9,2,17,0,Facturación Emitida
53,1,1,16,0,Facturas
53,1,2,3,1,Facturas
53,8,1,18,0,Facturas
53,9,1,18,0,Facturas
53,9,2,18,0,Facturas
56,1,1,0,0,Proformas
56,1,2,0,0,Proformas
56,8,1,0,0,Proformas
56,9,1,0,0,Proformas
56,9,2,0,0,Proformas
59,1,1,19,0,Presupuestos
59,1,2,19,0,Presupuestos
59,8,1,19,0,Presupuestos
59,9,1,19,0,Presupuestos
59,9,2,19,0,Presupuestos
62,1,1,0,0,Albaranes
62,1,2,0,0,Albaranes
62,8,1,0,0,Albaranes
62,9,1,0,0,Albaranes
62,9,2,0,0,Albaranes
65,1,1,0,0,Pedidos
65,1,2,0,0,Pedidos
65,8,1,0,0,Pedidos
65,9,1,0,0,Pedidos
65,9,2,0,0,Pedidos
68,1,1,17,0,Control de Cuentas
68,1,2,16,0,Control de Cuentas
68,8,1,20,0,Control de Cuentas
68,9,1,20,0,Control de Cuentas
68,9,2,20,0,Control de Cuentas
69,1,1,2,1,Cobros
69,1,2,2,1,Cobros
69,8,1,2,1,Cobros
69,9,1,2,1,Cobros
69,9,2,2,1,Cobros
71,1,1,18,0,Remesas
71,1,2,17,0,Remesas
71,8,1,21,0,Remesas
71,9,1,21,0,Remesas
71,9,2,21,0,Remesas
72,1,1,19,0,Bancos
72,1,2,18,0,Bancos
72,8,1,22,0,Bancos
72,9,1,22,0,Bancos
72,9,2,22,0,Bancos
73,1,1,20,0,Facturación Recibida
73,1,2,19,0,Facturación Recibida
73,8,1,23,0,Facturación Recibida
73,9,1,23,0,Facturación Recibida
73,9,2,23,0,Facturación Recibida
74,1,1,21,0,Facturas
74,1,2,20,0,Facturas
74,8,1,24,0,Facturas
74,9,1,24,0,Facturas
74,9,2,24,0,Facturas
75,1,1,0,0,Albaranes
75,1,2,0,0,Albaranes
75,8,1,0,0,Albaranes
75,9,1,0,0,Albaranes
75,9,2,0,0,Albaranes
76,1,1,0,0,Pedidos
76,1,2,0,0,Pedidos
76,8,1,0,0,Pedidos
76,9,1,0,0,Pedidos
76,9,2,0,0,Pedidos
77,1,1,0,0,Presupuestos
77,1,2,0,0,Presupuestos
77,8,1,0,0,Presupuestos
77,9,1,0,0,Presupuestos
77,9,2,0,0,Presupuestos
78,1,1,22,0,Pagos
78,1,2,21,0,Pagos
78,8,1,25,0,Pagos
78,9,1,25,0,Pagos
78,9,2,25,0,Pagos
79,1,1,23,0,Contabilidad
79,1,2,22,0,Contabilidad
79,8,1,0,0,Contabilidad
79,9,1,0,0,Contabilidad
79,9,2,0,0,Contabilidad
81,1,1,24,0,Libros/Modelos AEAT
81,1,2,23,0,Libros/Modelos AEAT
81,8,1,26,0,Libros/Modelos AEAT
81,9,1,26,0,Libros/Modelos AEAT
81,9,2,26,0,Libros/Modelos AEAT
82,1,1,25,0,Diario
82,1,2,24,0,Diario
82,8,1,0,0,Diario
82,9,1,0,0,Diario
82,9,2,0,0,Diario
83,1,1,26,0,Listado del Mayor
83,1,2,25,0,Listado del Mayor
83,8,1,0,0,Listado del Mayor
83,9,1,0,0,Listado del Mayor
83,9,2,0,0,Listado del Mayor
84,1,1,27,0,Balances
84,1,2,26,0,Balances
84,8,1,0,0,Balances
84,9,1,0,0,Balances
84,9,2,0,0,Balances
85,1,1,28,0,Modelos
85,1,2,27,0,Modelos
85,8,1,27,0,Modelos
85,9,1,27,0,Modelos
85,9,2,27,0,Modelos
86,1,1,29,0,Herramientas de Chequeo
86,1,2,28,0,Herramientas de Chequeo
86,8,1,0,0,Herramientas de Chequeo
86,9,1,0,0,Herramientas de Chequeo
86,9,2,0,0,Herramientas de Chequeo
87,1,1,30,0,Importación
87,1,2,29,0,Importación
87,8,1,28,0,Importación
87,9,1,28,0,Importación
87,9,2,28,0,Importación
88,1,1,31,0,Whatsapp
88,1,2,30,0,Whatsapp
88,8,1,29,0,Whatsapp
88,9,1,29,0,Whatsapp
88,9,2,29,0,Whatsapp
91,1,1,32,0,CRM-Presupuestos
91,1,2,31,0,CRM-Presupuestos
91,8,1,0,0,CRM-Presupuestos
91,9,1,0,0,CRM-Presupuestos
91,9,2,0,0,CRM-Presupuestos
94,1,1,33,0,Tareas-Plazos
94,1,2,0,0,Tareas-Plazos
94,8,1,0,0,Tareas-Plazos
94,9,1,0,0,Tareas-Plazos
94,9,2,0,0,Tareas-Plazos
96,1,1,33,0,Compras
96,1,2,32,0,Compras
96,8,1,30,0,Compras
96,9,1,30,0,Compras
96,9,2,30,0,Compras
97,1,1,34,0,Comisiones
97,1,2,33,0,Comisiones
97,8,1,31,0,Comisiones
97,9,1,31,0,Comisiones
97,9,2,31,0,Comisiones
100,1,1,35,0,Inicio Jornada
100,1,2,34,0,Inicio Jornada
100,8,1,32,0,Inicio Jornada
100,9,1,32,0,Inicio Jornada
100,9,2,32,0,Inicio Jornada
101,1,1,36,0,Fin Jornada
101,1,2,35,0,Fin Jornada
101,8,1,33,0,Fin Jornada
101,9,1,33,0,Fin Jornada
101,9,2,33,0,Fin Jornada
102,1,1,37,0,Inicio Descanso
102,1,2,36,0,Inicio Descanso
102,8,1,34,0,Inicio Descanso
102,9,1,34,0,Inicio Descanso
102,9,2,34,0,Inicio Descanso
103,1,1,38,0,Fin Descanso
103,1,2,37,0,Fin Descanso
103,8,1,35,0,Fin Descanso
103,9,1,35,0,Fin Descanso
103,9,2,35,0,Fin Descanso
104,1,1,39,0,Time Sheet
104,1,2,38,0,Time Sheet
104,8,1,0,0,Time Sheet
104,9,1,0,0,Time Sheet
104,9,2,0,0,Time Sheet
105,1,1,40,0,Informes
105,1,2,39,0,Informes
105,8,1,36,0,Informes
105,9,1,36,0,Informes
105,9,2,36,0,Informes
106,1,1,3,1,Cuadros de Mando
106,1,2,532,0,Cuadros de Mando
106,8,1,3,1,Cuadros de Mando
106,9,1,3,1,Cuadros de Mando
106,9,2,3,1,Cuadros de Mando
108,1,1,41,0,Emailer
108,1,2,40,0,Emailer
108,8,1,37,0,Emailer
108,9,1,37,0,Emailer
108,9,2,37,0,Emailer
110,1,1,42,0,Firma Electrónica
110,1,2,41,0,Firma Electrónica
110,8,1,38,0,Firma Electrónica
110,9,1,38,0,Firma Electrónica
110,9,2,38,0,Firma Electrónica
118,1,1,43,0,Seguridad
118,1,2,42,0,Seguridad
118,8,1,39,0,Seguridad
118,9,1,39,0,Seguridad
118,9,2,39,0,Seguridad
120,1,1,45,0,Auditoría Datos (logs)
120,1,2,43,0,Auditoría Datos (logs)
120,8,1,41,0,Auditoría Datos (logs)
120,9,1,41,0,Auditoría Datos (logs)
120,9,2,41,0,Auditoría Datos (logs)
121,1,1,47,0,Análisis de Seguridad
121,1,2,45,0,Análisis de Seguridad
121,8,1,42,0,Análisis de Seguridad
121,9,1,42,0,Análisis de Seguridad
121,9,2,42,0,Análisis de Seguridad
122,1,1,46,0,Baja Comunicaciones Comerciales (LSSI)
122,1,2,44,0,Baja Comunicaciones Comerciales (LSSI)
122,8,1,43,0,Baja Comunicaciones Comerciales (LSSI)
122,9,1,43,0,Baja Comunicaciones Comerciales (LSSI)
122,9,2,43,0,Baja Comunicaciones Comerciales (LSSI)
123,1,1,1,1,Control de Historial
123,1,2,1,1,Control de Historial
123,8,1,1,1,Control de Historial
123,9,1,1,1,Control de Historial
123,9,2,1,1,Control de Historial
124,1,1,0,0,Stock
124,1,2,45,0,Stock
124,8,1,0,0,Stock
124,9,1,0,0,Stock
124,9,2,0,0,Stock
125,1,1,0,0,Artículos
125,1,2,46,0,Artículos
125,8,1,0,0,Artículos
125,9,1,0,0,Artículos
125,9,2,0,0,Artículos
127,1,1,44,0,Clases
127,1,2,44,0,Clases
127,8,1,44,0,Clases
127,9,1,44,0,Clases
127,9,2,44,0,Clases
128,1,1,45,0,Control de Clases
128,1,2,45,0,Control de Clases
128,8,1,45,0,Control de Clases
128,9,1,45,0,Control de Clases
128,9,2,45,0,Control de Clases
129,1,1,46,0,Control de Asistencia
129,1,2,46,0,Control de Asistencia
129,8,1,46,0,Control de Asistencia
129,9,1,46,0,Control de Asistencia
129,9,2,46,0,Control de Asistencia
130,1,1,47,0,Registrar Asistencia
130,1,2,47,0,Registrar Asistencia
130,8,1,47,0,Registrar Asistencia
130,9,1,47,0,Registrar Asistencia
130,9,2,47,0,Registrar Asistencia
131,1,1,48,0,Imprimir Plantillas de Asistencia
131,1,2,48,0,Imprimir Plantillas de Asistencia
131,8,1,48,0,Imprimir Plantillas de Asistencia
131,9,1,48,0,Imprimir Plantillas de Asistencia
131,9,2,48,0,Imprimir Plantillas de Asistencia
133,1,1,49,0,Reserva Online Clases
133,1,2,49,0,Reserva Online Clases
133,8,1,49,0,Reserva Online Clases
133,9,1,49,0,Reserva Online Clases
133,9,2,49,0,Reserva Online Clases
134,1,1,50,0,Configurar Web
134,1,2,50,0,Configurar Web
134,8,1,50,0,Configurar Web
134,9,1,50,0,Configurar Web
134,9,2,50,0,Configurar Web
135,1,1,51,0,Enviar Enlace de Reserva
135,1,2,51,0,Enviar Enlace de Reserva
135,8,1,51,0,Enviar Enlace de Reserva
135,9,1,51,0,Enviar Enlace de Reserva
135,9,2,51,0,Enviar Enlace de Reserva
136,1,1,52,0,Reserva Online Cursos
136,1,2,52,0,Reserva Online Cursos
136,8,1,52,0,Reserva Online Cursos
136,9,1,52,0,Reserva Online Cursos
136,9,2,52,0,Reserva Online Cursos
137,1,1,53,0,Configurar Web
137,1,2,53,0,Configurar Web
137,8,1,53,0,Configurar Web
137,9,1,53,0,Configurar Web
137,9,2,53,0,Configurar Web
138,1,1,54,0,Enviar Enlace de Reserva
138,1,2,54,0,Enviar Enlace de Reserva
138,8,1,54,0,Enviar Enlace de Reserva
138,9,1,54,0,Enviar Enlace de Reserva
138,9,2,54,0,Enviar Enlace de Reserva
139,1,1,47,0,Formularios Registro Web
139,1,2,47,0,Formularios Registro Web
139,8,1,55,0,Formularios Registro Web
139,9,1,55,0,Formularios Registro Web
139,9,2,55,0,Formularios Registro Web
140,1,1,48,0,Configurar Web
140,1,2,48,0,Configurar Web
140,8,1,56,0,Configurar Web
140,9,1,56,0,Configurar Web
140,9,2,56,0,Configurar Web
141,1,1,49,0,Enviar Enlace
141,1,2,49,0,Enviar Enlace
141,8,1,57,0,Enviar Enlace
141,9,1,57,0,Enviar Enlace
141,9,2,57,0,Enviar Enlace
142,1,1,0,0,Recobros
142,1,2,0,0,Recobros
142,8,1,0,0,Recobros
142,9,1,0,0,Recobros
142,9,2,0,0,Recobros
143,1,1,0,0,Crédito y Caución
143,1,2,0,0,Crédito y Caución
143,8,1,0,0,Crédito y Caución
143,9,1,0,0,Crédito y Caución
143,9,2,0,0,Crédito y Caución
146,1,1,0,0,Vencimientos/Pólizas
146,1,2,0,0,Vencimientos/Pólizas
146,8,1,0,0,Vencimientos/Pólizas
146,9,1,0,0,Vencimientos/Pólizas
146,9,2,0,0,Vencimientos/Pólizas
147,1,1,0,0,Odontograma
147,1,2,0,0,Odontograma
147,8,1,0,0,Odontograma
147,9,1,0,0,Odontograma
147,9,2,0,0,Odontograma
148,1,1,0,0,Lexnet
148,1,2,0,0,Lexnet
148,8,1,0,0,Lexnet
148,9,1,0,0,Lexnet
148,9,2,0,0,Lexnet
150,1,1,0,0,Avantius
150,1,2,0,0,Avantius
150,8,1,0,0,Avantius
150,9,1,0,0,Avantius
150,9,2,0,0,Avantius
152,1,1,0,0,Vereda
152,1,2,0,0,Vereda
152,8,1,0,0,Vereda
152,9,1,0,0,Vereda
152,9,2,0,0,Vereda
154,1,1,0,0,Justizia.Sip
154,1,2,0,0,Justizia.Sip
154,8,1,0,0,Justizia.Sip
154,9,1,0,0,Justizia.Sip
154,9,2,0,0,Justizia.Sip
156,1,1,0,0,Ejusticia.Cat
156,1,2,0,0,Ejusticia.Cat
156,8,1,0,0,Ejusticia.Cat
156,9,1,0,0,Ejusticia.Cat
156,9,2,0,0,Ejusticia.Cat
158,1,1,50,0,RPA
158,1,2,50,0,RPA
158,8,1,58,0,RPA
158,9,1,58,0,RPA
158,9,2,58,0,RPA
159,1,1,51,0,Opciones Automáticas Actuaciones
159,1,2,50,0,Opciones Automáticas Actuaciones
159,8,1,59,0,Opciones Automáticas Actuaciones
159,9,1,59,0,Opciones Automáticas Actuaciones
159,9,2,59,0,Opciones Automáticas Actuaciones
160,1,1,54,0,Correos Automáticos
160,1,2,52,0,Correos Automáticos
160,8,1,60,0,Correos Automáticos
160,9,1,60,0,Correos Automáticos
160,9,2,60,0,Correos Automáticos
163,1,1,52,0,Valoraciones
163,1,2,51,0,Valoraciones
163,8,1,61,0,Valoraciones
163,9,1,61,0,Valoraciones
163,9,2,61,0,Valoraciones
165,1,1,56,0,Acceso Web/Móvil
165,1,2,54,0,Acceso Web/Móvil
165,8,1,62,0,Acceso Web/Móvil
165,9,1,62,0,Acceso Web/Móvil
165,9,2,62,0,Acceso Web/Móvil
166,1,1,53,0,Reserva Online
166,1,2,52,0,Reserva Online
166,8,1,63,0,Reserva Online
166,9,1,63,0,Reserva Online
166,9,2,63,0,Reserva Online
167,1,1,54,0,Configurar Web
167,1,2,53,0,Configurar Web
167,8,1,0,0,Configurar Web
167,9,1,0,0,Configurar Web
167,9,2,0,0,Configurar Web
168,1,1,55,0,Formularios Registro Web
168,1,2,54,0,Formularios Registro Web
168,8,1,64,0,Formularios Registro Web
168,9,1,64,0,Formularios Registro Web
168,9,2,64,0,Formularios Registro Web
169,1,1,56,0,Configurar Formularios Web
169,1,2,55,0,Configurar Formularios Web
169,8,1,65,0,Configurar Formularios Web
169,9,1,65,0,Configurar Formularios Web
169,9,2,65,0,Configurar Formularios Web
171,1,1,57,0,Configuraciones Obligatorias
171,1,2,56,0,Configuraciones Obligatorias
171,8,1,66,0,Configuraciones Obligatorias
171,9,1,66,0,Configuraciones Obligatorias
171,9,2,66,0,Configuraciones Obligatorias
172,1,1,58,0,Seleccionar Empresa
172,1,2,57,0,Seleccionar Empresa
172,8,1,67,0,Seleccionar Empresa
172,9,1,67,0,Seleccionar Empresa
172,9,2,67,0,Seleccionar Empresa
173,1,1,59,0,Logo de Empresa
173,1,2,58,0,Logo de Empresa
173,8,1,68,0,Logo de Empresa
173,9,1,68,0,Logo de Empresa
173,9,2,68,0,Logo de Empresa
174,1,1,60,0,Configuraciones Generales
174,1,2,59,0,Configuraciones Generales
174,8,1,69,0,Configuraciones Generales
174,9,1,69,0,Configuraciones Generales
174,9,2,69,0,Configuraciones Generales
175,1,1,61,0,Predefinidos
175,1,2,60,0,Predefinidos
175,8,1,70,0,Predefinidos
175,9,1,70,0,Predefinidos
175,9,2,70,0,Predefinidos
176,1,1,62,0,Gestión de Plantillas
176,1,2,61,0,Gestión de Plantillas
176,8,1,71,0,Gestión de Plantillas
176,9,1,71,0,Gestión de Plantillas
176,9,2,71,0,Gestión de Plantillas
177,1,1,63,0,Seleccionar Ejercicio
177,1,2,62,0,Seleccionar Ejercicio
177,8,1,72,0,Seleccionar Ejercicio
177,9,1,72,0,Seleccionar Ejercicio
177,9,2,72,0,Seleccionar Ejercicio
178,1,1,64,0,Seleccionar Impresora
178,1,2,63,0,Seleccionar Impresora
178,8,1,73,0,Seleccionar Impresora
178,9,1,73,0,Seleccionar Impresora
178,9,2,73,0,Seleccionar Impresora
179,1,1,65,0,Configuraciones Supervisor
179,1,2,64,0,Configuraciones Supervisor
179,8,1,74,0,Configuraciones Supervisor
179,9,1,74,0,Configuraciones Supervisor
179,9,2,74,0,Configuraciones Supervisor
180,1,1,66,0,Configuraciones Generales
180,1,2,65,0,Configuraciones Generales
180,8,1,75,0,Configuraciones Generales
180,9,1,75,0,Configuraciones Generales
180,9,2,75,0,Configuraciones Generales
181,1,1,67,0,Personalización
181,1,2,66,0,Personalización
181,8,1,76,0,Personalización
181,9,1,76,0,Personalización
181,9,2,76,0,Personalización
182,1,1,72,0,Gestión de Permisos
182,1,2,77,0,Gestión de Permisos
182,8,1,77,0,Gestión de Permisos
182,9,1,77,0,Gestión de Permisos
182,9,2,77,0,Gestión de Permisos
183,1,1,68,0,Correo
183,1,2,67,0,Correo
183,8,1,78,0,Correo
183,9,1,78,0,Correo
183,9,2,78,0,Correo
184,1,1,69,0,SMS
184,1,2,68,0,SMS
184,8,1,79,0,SMS
184,9,1,79,0,SMS
184,9,2,79,0,SMS
185,1,1,80,0,Correo
185,1,2,80,0,Correo
185,8,1,80,0,Correo
185,9,1,80,0,Correo
185,9,2,80,0,Correo
187,1,1,82,0,Correo
187,1,2,82,0,Correo
187,8,1,82,0,Correo
187,9,1,82,0,Correo
187,9,2,82,0,Correo
188,1,1,83,0,WhatsApp
188,1,2,83,0,WhatsApp
188,8,1,83,0,WhatsApp
188,9,1,83,0,WhatsApp
188,9,2,83,0,WhatsApp
189,1,1,70,0,Correo
189,1,2,69,0,Correo
189,8,1,84,0,Correo
189,9,1,84,0,Correo
189,9,2,84,0,Correo
190,1,1,71,0,WhatsApp
190,1,2,70,0,WhatsApp
190,8,1,85,0,WhatsApp
190,9,1,85,0,WhatsApp
190,9,2,85,0,WhatsApp
191,1,1,4,1,Control Horario
191,1,2,533,0,Control Horario
191,8,1,4,1,Control Horario
191,9,1,4,1,Control Horario
191,9,2,4,0,Control Horario
193,1,1,77,0,Libros/Declaraciones
193,1,2,0,0,Libros/Declaraciones
193,8,1,0,0,Libros/Declaraciones
193,9,1,0,0,Libros/Declaraciones
193,9,2,0,0,Libros/Declaraciones
194,1,1,78,0,Libro del IVA/IGIC (Fra. Emitidas/Fra. Recibidas)
194,1,2,0,0,Libro del IVA/IGIC (Fra. Emitidas/Fra. Recibidas)
194,8,1,0,0,Libro del IVA/IGIC (Fra. Emitidas/Fra. Recibidas)
194,9,1,0,0,Libro del IVA/IGIC (Fra. Emitidas/Fra. Recibidas)
194,9,2,0,0,Libro del IVA/IGIC (Fra. Emitidas/Fra. Recibidas)
196,1,1,73,0,Libro de Gastos
196,1,2,71,0,Libro de Gastos
196,8,1,0,0,Libro de Gastos
196,9,1,0,0,Libro de Gastos
196,9,2,0,0,Libro de Gastos
197,1,1,81,0,Libro Bs. Inversión
197,1,2,0,0,Libro Bs. Inversión
197,8,1,0,0,Libro Bs. Inversión
197,9,1,0,0,Libro Bs. Inversión
197,9,2,0,0,Libro Bs. Inversión
199,1,1,83,0,I.V.A.
199,1,2,0,0,I.V.A.
199,8,1,0,0,I.V.A.
199,9,1,0,0,I.V.A.
199,9,2,0,0,I.V.A.
200,1,1,75,0,Liquidación IVA Mód. 303
200,1,2,72,0,Liquidación IVA Mód. 303
200,8,1,0,0,Liquidación IVA Mód. 303
200,9,1,0,0,Liquidación IVA Mód. 303
200,9,2,0,0,Liquidación IVA Mód. 303
201,1,1,76,0,Declaración Mód. 347
201,1,2,73,0,Declaración Mód. 347
201,8,1,0,0,Declaración Mód. 347
201,9,1,0,0,Declaración Mód. 347
201,9,2,0,0,Declaración Mód. 347
202,1,1,86,0,I.R.P.F.
202,1,2,0,0,I.R.P.F.
202,8,1,0,0,I.R.P.F.
202,9,1,0,0,I.R.P.F.
202,9,2,0,0,I.R.P.F.
203,1,1,77,0,Ventas
203,1,2,74,0,Ventas
203,8,1,0,0,Ventas
203,9,1,0,0,Ventas
203,9,2,0,0,Ventas
204,1,1,78,0,Nóminas
204,1,2,75,0,Nóminas
204,8,1,0,0,Nóminas
204,9,1,0,0,Nóminas
204,9,2,0,0,Nóminas
205,1,1,79,0,Alquileres
205,1,2,76,0,Alquileres
205,8,1,0,0,Alquileres
205,9,1,0,0,Alquileres
205,9,2,0,0,Alquileres
206,1,1,80,0,Profesionales
206,1,2,77,0,Profesionales
206,8,1,0,0,Profesionales
206,9,1,0,0,Profesionales
206,9,2,0,0,Profesionales
207,1,1,81,0,Nóminas - Rendimientos en Especie
207,1,2,78,0,Nóminas - Rendimientos en Especie
207,8,1,0,0,Nóminas - Rendimientos en Especie
207,9,1,0,0,Nóminas - Rendimientos en Especie
207,9,2,0,0,Nóminas - Rendimientos en Especie
208,1,1,82,0,Libros
208,1,2,79,0,Libros
208,8,1,86,0,Libros
208,9,1,86,0,Libros
208,9,2,86,0,Libros
209,1,1,83,0,Libros Declaraciones
209,1,2,80,0,Libros Declaraciones
209,8,1,87,0,Libros Declaraciones
209,9,1,87,0,Libros Declaraciones
209,9,2,87,0,Libros Declaraciones
210,1,1,84,0,Libro del IVA/IGIC (Fra. Emitidas/Fra Recibidas)
210,1,2,81,0,Libro del IVA/IGIC (Fra. Emitidas/Fra Recibidas)
210,8,1,88,0,Libro del IVA/IGIC (Fra. Emitidas/Fra Recibidas)
210,9,1,88,0,Libro del IVA/IGIC (Fra. Emitidas/Fra Recibidas)
210,9,2,88,0,Libro del IVA/IGIC (Fra. Emitidas/Fra Recibidas)
211,1,1,85,0,Libros de Ingresos
211,1,2,82,0,Libros de Ingresos
211,8,1,89,0,Libros de Ingresos
211,9,1,89,0,Libros de Ingresos
211,9,2,89,0,Libros de Ingresos
212,1,1,86,0,Libro de Gastos
212,1,2,83,0,Libro de Gastos
212,8,1,90,0,Libro de Gastos
212,9,1,90,0,Libro de Gastos
212,9,2,90,0,Libro de Gastos
213,1,1,87,0,Libro Bs. Inversión
213,1,2,84,0,Libro Bs. Inversión
213,8,1,91,0,Libro Bs. Inversión
213,9,1,91,0,Libro Bs. Inversión
213,9,2,91,0,Libro Bs. Inversión
214,1,1,88,0,Libro Provisiones/Suplidos
214,1,2,85,0,Libro Provisiones/Suplidos
214,8,1,92,0,Libro Provisiones/Suplidos
214,9,1,92,0,Libro Provisiones/Suplidos
214,9,2,92,0,Libro Provisiones/Suplidos
215,1,1,89,0,I.V.A.
215,1,2,86,0,I.V.A.
215,8,1,93,0,I.V.A.
215,9,1,93,0,I.V.A.
215,9,2,93,0,I.V.A.
216,1,1,90,0,Liquidación IVA Mód. 303
216,1,2,87,0,Liquidación IVA Mód. 303
216,8,1,94,0,Liquidación IVA Mód. 303
216,9,1,94,0,Liquidación IVA Mód. 303
216,9,2,94,0,Liquidación IVA Mód. 303
217,1,1,91,0,Declaración Mód. 347
217,1,2,88,0,Declaración Mód. 347
217,8,1,95,0,Declaración Mód. 347
217,9,1,95,0,Declaración Mód. 347
217,9,2,95,0,Declaración Mód. 347
218,1,1,92,0,I.R.P.F.
218,1,2,89,0,I.R.P.F.
218,8,1,96,0,I.R.P.F.
218,9,1,96,0,I.R.P.F.
218,9,2,96,0,I.R.P.F.
219,1,1,93,0,Ventas
219,1,2,90,0,Ventas
219,8,1,97,0,Ventas
219,9,1,97,0,Ventas
219,9,2,97,0,Ventas
220,1,1,94,0,Nóminas
220,1,2,91,0,Nóminas
220,8,1,98,0,Nóminas
220,9,1,98,0,Nóminas
220,9,2,98,0,Nóminas
221,1,1,95,0,Alquileres
221,1,2,92,0,Alquileres
221,8,1,99,0,Alquileres
221,9,1,99,0,Alquileres
221,9,2,99,0,Alquileres
222,1,1,96,0,Profesionales
222,1,2,93,0,Profesionales
222,8,1,100,0,Profesionales
222,9,1,100,0,Profesionales
222,9,2,100,0,Profesionales
223,1,1,97,0,IRPF - Nóminas - Rendimientos en Especie
223,1,2,94,0,IRPF - Nóminas - Rendimientos en Especie
223,8,1,101,0,IRPF - Nóminas - Rendimientos en Especie
223,9,1,101,0,IRPF - Nóminas - Rendimientos en Especie
223,9,2,101,0,IRPF - Nóminas - Rendimientos en Especie
224,1,1,108,0,Diario
224,1,2,0,0,Diario
224,8,1,0,0,Diario
224,9,1,0,0,Diario
224,9,2,0,0,Diario
225,1,1,109,0,Listado del Diario
225,1,2,0,0,Listado del Diario
225,8,1,0,0,Listado del Diario
225,9,1,0,0,Listado del Diario
225,9,2,0,0,Listado del Diario
226,1,1,98,0,Balance de Situación
226,1,2,95,0,Balance de Situación
226,8,1,0,0,Balance de Situación
226,9,1,0,0,Balance de Situación
226,9,2,0,0,Balance de Situación
227,1,1,99,0,Balance Sumas y Saldos
227,1,2,96,0,Balance Sumas y Saldos
227,8,1,0,0,Balance Sumas y Saldos
227,9,1,0,0,Balance Sumas y Saldos
227,9,2,0,0,Balance Sumas y Saldos
228,1,1,100,0,Resumen Sumas y Saldos Anual 
228,1,2,97,0,Resumen Sumas y Saldos Anual 
228,8,1,0,0,Resumen Sumas y Saldos Anual 
228,9,1,0,0,Resumen Sumas y Saldos Anual 
228,9,2,0,0,Resumen Sumas y Saldos Anual 
229,1,1,101,0,Pérdidas y Ganancias
229,1,2,98,0,Pérdidas y Ganancias
229,8,1,0,0,Pérdidas y Ganancias
229,9,1,0,0,Pérdidas y Ganancias
229,9,2,0,0,Pérdidas y Ganancias
230,1,1,102,0,Estado de Cambios En el Patrimonio Neto
230,1,2,99,0,Estado de Cambios En el Patrimonio Neto
230,8,1,0,0,Estado de Cambios En el Patrimonio Neto
230,9,1,0,0,Estado de Cambios En el Patrimonio Neto
230,9,2,0,0,Estado de Cambios En el Patrimonio Neto
232,1,1,103,0,Modelo 111
232,1,2,100,0,Modelo 111
232,8,1,0,0,Modelo 111
232,9,1,0,0,Modelo 111
232,9,2,0,0,Modelo 111
233,1,1,104,0,Modelo 115
233,1,2,101,0,Modelo 115
233,8,1,0,0,Modelo 115
233,9,1,0,0,Modelo 115
233,9,2,0,0,Modelo 115
234,1,1,105,0,Modelo 130
234,1,2,102,0,Modelo 130
234,8,1,0,0,Modelo 130
234,9,1,0,0,Modelo 130
234,9,2,0,0,Modelo 130
235,1,1,106,0,Modelo 180
235,1,2,103,0,Modelo 180
235,8,1,0,0,Modelo 180
235,9,1,0,0,Modelo 180
235,9,2,0,0,Modelo 180
236,1,1,107,0,Modelo 303
236,1,2,104,0,Modelo 303
236,8,1,0,0,Modelo 303
236,9,1,0,0,Modelo 303
236,9,2,0,0,Modelo 303
237,1,1,108,0,Modelo 347
237,1,2,105,0,Modelo 347
237,8,1,0,0,Modelo 347
237,9,1,0,0,Modelo 347
237,9,2,0,0,Modelo 347
238,1,1,121,0,Modelo 696
238,1,2,0,0,Modelo 696
238,8,1,0,0,Modelo 696
238,9,1,0,0,Modelo 696
238,9,2,0,0,Modelo 696
239,1,1,109,0,Modelos
239,1,2,106,0,Modelos
239,8,1,102,0,Modelos
239,9,1,102,0,Modelos
239,9,2,102,0,Modelos
240,1,1,110,0,Modelo 111
240,1,2,107,0,Modelo 111
240,8,1,103,0,Modelo 111
240,9,1,103,0,Modelo 111
240,9,2,103,0,Modelo 111
241,1,1,111,0,Modelo 115
241,1,2,108,0,Modelo 115
241,8,1,104,0,Modelo 115
241,9,1,104,0,Modelo 115
241,9,2,104,0,Modelo 115
242,1,1,112,0,Modelo 130
242,1,2,109,0,Modelo 130
242,8,1,105,0,Modelo 130
242,9,1,105,0,Modelo 130
242,9,2,105,0,Modelo 130
243,1,1,113,0,Modelo 180
243,1,2,110,0,Modelo 180
243,8,1,106,0,Modelo 180
243,9,1,106,0,Modelo 180
243,9,2,106,0,Modelo 180
244,1,1,0,0,Modelo 233
244,1,2,0,0,Modelo 233
244,8,1,0,0,Modelo 233
244,9,1,0,0,Modelo 233
244,9,2,0,0,Modelo 233
245,1,1,114,0,Modelo 303
245,1,2,111,0,Modelo 303
245,8,1,107,0,Modelo 303
245,9,1,107,0,Modelo 303
245,9,2,107,0,Modelo 303
246,1,1,115,0,Modelo 347
246,1,2,112,0,Modelo 347
246,8,1,108,0,Modelo 347
246,9,1,108,0,Modelo 347
246,9,2,108,0,Modelo 347
247,1,1,116,0,Modelo 696
247,1,2,113,0,Modelo 696
247,8,1,109,0,Modelo 696
247,9,1,109,0,Modelo 696
247,9,2,109,0,Modelo 696
248,1,1,117,0,Chequeo Asientos Descuadrados
248,1,2,119,0,Chequeo Asientos Descuadrados
248,8,1,0,0,Chequeo Asientos Descuadrados
248,9,1,0,0,Chequeo Asientos Descuadrados
248,9,2,0,0,Chequeo Asientos Descuadrados
249,1,1,118,0,Chequeo Asientos con descuadres inferior a 1 euro
249,1,2,120,0,Chequeo Asientos con descuadres inferior a 1 euro
249,8,1,0,0,Chequeo Asientos con descuadres inferior a 1 euro
249,9,1,0,0,Chequeo Asientos con descuadres inferior a 1 euro
249,9,2,0,0,Chequeo Asientos con descuadres inferior a 1 euro
250,1,1,119,0,Chequeo Cuentas no Existen en Balances
250,1,2,121,0,Chequeo Cuentas no Existen en Balances
250,8,1,0,0,Chequeo Cuentas no Existen en Balances
250,9,1,0,0,Chequeo Cuentas no Existen en Balances
250,9,2,0,0,Chequeo Cuentas no Existen en Balances
251,1,1,120,0,Chequeo Cuentas Erróneas
251,1,2,122,0,Chequeo Cuentas Erróneas
251,8,1,0,0,Chequeo Cuentas Erróneas
251,9,1,0,0,Chequeo Cuentas Erróneas
251,9,2,0,0,Chequeo Cuentas Erróneas
252,1,1,121,0,Chequeo Contabilizado/Pendiente Contabilizar
252,1,2,123,0,Chequeo Contabilizado/Pendiente Contabilizar
252,8,1,0,0,Chequeo Contabilizado/Pendiente Contabilizar
252,9,1,0,0,Chequeo Contabilizado/Pendiente Contabilizar
252,9,2,0,0,Chequeo Contabilizado/Pendiente Contabilizar
253,1,1,122,0,Chequeo Cuentas IVA/IRPF
253,1,2,124,0,Chequeo Cuentas IVA/IRPF
253,8,1,0,0,Chequeo Cuentas IVA/IRPF
253,9,1,0,0,Chequeo Cuentas IVA/IRPF
253,9,2,0,0,Chequeo Cuentas IVA/IRPF
254,1,1,123,0,Números no correlativos en Facturas Emitidas
254,1,2,125,0,Números no correlativos en Facturas Emitidas
254,8,1,0,0,Números no correlativos en Facturas Emitidas
254,9,1,0,0,Números no correlativos en Facturas Emitidas
254,9,2,0,0,Números no correlativos en Facturas Emitidas
255,1,1,124,0,Fechas no correlativas en Facturas Emitidas
255,1,2,126,0,Fechas no correlativas en Facturas Emitidas
255,8,1,0,0,Fechas no correlativas en Facturas Emitidas
255,9,1,0,0,Fechas no correlativas en Facturas Emitidas
255,9,2,0,0,Fechas no correlativas en Facturas Emitidas
256,1,1,125,0,Chequeo cuentas en Facturas Emitidas y Recibidas
256,1,2,127,0,Chequeo cuentas en Facturas Emitidas y Recibidas
256,8,1,0,0,Chequeo cuentas en Facturas Emitidas y Recibidas
256,9,1,0,0,Chequeo cuentas en Facturas Emitidas y Recibidas
256,9,2,0,0,Chequeo cuentas en Facturas Emitidas y Recibidas
257,1,1,126,0,Chequeo NIF y cuentas contables no coinciden entre factura y diario
257,1,2,128,0,Chequeo NIF y cuentas contables no coinciden entre factura y diario
257,8,1,0,0,Chequeo NIF y cuentas contables no coinciden entre factura y diario
257,9,1,0,0,Chequeo NIF y cuentas contables no coinciden entre factura y diario
257,9,2,0,0,Chequeo NIF y cuentas contables no coinciden entre factura y diario
258,1,1,127,0,Chequeo asientos que no tiene cubierta la contrapartida
258,1,2,129,0,Chequeo asientos que no tiene cubierta la contrapartida
258,8,1,0,0,Chequeo asientos que no tiene cubierta la contrapartida
258,9,1,0,0,Chequeo asientos que no tiene cubierta la contrapartida
258,9,2,0,0,Chequeo asientos que no tiene cubierta la contrapartida
259,1,1,128,0,Chequeo descuadres ente cuota iva y base imponible de facturas y diario
259,1,2,130,0,Chequeo descuadres ente cuota iva y base imponible de facturas y diario
259,8,1,0,0,Chequeo descuadres ente cuota iva y base imponible de facturas y diario
259,9,1,0,0,Chequeo descuadres ente cuota iva y base imponible de facturas y diario
259,9,2,0,0,Chequeo descuadres ente cuota iva y base imponible de facturas y diario
260,1,1,129,0,Chequeo descuadres entre los totales de la factura emitida y los totales de los conceptos
260,1,2,131,0,Chequeo descuadres entre los totales de la factura emitida y los totales de los conceptos
260,8,1,0,0,Chequeo descuadres entre los totales de la factura emitida y los totales de los conceptos
260,9,1,0,0,Chequeo descuadres entre los totales de la factura emitida y los totales de los conceptos
260,9,2,0,0,Chequeo descuadres entre los totales de la factura emitida y los totales de los conceptos
268,1,1,130,0,Correos Automáticos
268,1,2,114,0,Correos Automáticos
268,8,1,110,0,Correos Automáticos
268,9,1,110,0,Correos Automáticos
268,9,2,110,0,Correos Automáticos
272,1,1,131,0,Configuración
272,1,2,115,0,Configuración
272,8,1,111,0,Configuración
272,9,1,111,0,Configuración
272,9,2,111,0,Configuración
273,1,1,132,0,SMS
273,1,2,116,0,SMS
273,8,1,112,0,SMS
273,9,1,112,0,SMS
273,9,2,112,0,SMS
274,1,1,133,0,Correo
274,1,2,117,0,Correo
274,8,1,113,0,Correo
274,9,1,113,0,Correo
274,9,2,113,0,Correo
283,1,1,146,0,Gestión de Acceso de Trabajadores
283,1,2,114,0,Gestión de Acceso de Trabajadores
283,8,1,114,0,Gestión de Acceso de Trabajadores
283,9,1,114,0,Gestión de Acceso de Trabajadores
283,9,2,114,0,Gestión de Acceso de Trabajadores
284,1,1,134,0,Gestión de Acceso de Clientes
284,1,2,118,0,Gestión de Acceso de Clientes
284,8,1,115,0,Gestión de Acceso de Clientes
284,9,1,115,0,Gestión de Acceso de Clientes
284,9,2,115,0,Gestión de Acceso de Clientes
285,1,1,0,0,Gestión de Boletines Informativos
285,1,2,0,0,Gestión de Boletines Informativos
285,8,1,0,0,Gestión de Boletines Informativos
285,9,1,0,0,Gestión de Boletines Informativos
285,9,2,0,0,Gestión de Boletines Informativos
286,1,1,0,0,Gestión de Documentos de Clientes
286,1,2,0,0,Gestión de Documentos de Clientes
286,8,1,0,0,Gestión de Documentos de Clientes
286,9,1,0,0,Gestión de Documentos de Clientes
286,9,2,0,0,Gestión de Documentos de Clientes
288,1,1,116,0,Centros
288,1,2,116,0,Centros
288,8,1,116,0,Centros
288,9,1,116,0,Centros
288,9,2,116,0,Centros
289,1,1,135,0,Expedientes Predefinidos
289,1,2,119,0,Expedientes Predefinidos
289,8,1,117,0,Expedientes Predefinidos
289,9,1,117,0,Expedientes Predefinidos
289,9,2,117,0,Expedientes Predefinidos
292,1,1,0,0,Asuntos Predefinidos
292,1,2,0,0,Asuntos Predefinidos
292,8,1,0,0,Asuntos Predefinidos
292,9,1,0,0,Asuntos Predefinidos
292,9,2,0,0,Asuntos Predefinidos
293,1,1,0,0,Procedimientos Predefinidos
293,1,2,0,0,Procedimientos Predefinidos
293,8,1,0,0,Procedimientos Predefinidos
293,9,1,0,0,Procedimientos Predefinidos
293,9,2,0,0,Procedimientos Predefinidos
294,1,1,0,0,Tratamientos Predefinidos
294,1,2,0,0,Tratamientos Predefinidos
294,8,1,0,0,Tratamientos Predefinidos
294,9,1,0,0,Tratamientos Predefinidos
294,9,2,0,0,Tratamientos Predefinidos
295,1,1,136,0,Actuaciones Predefinidas
295,1,2,120,0,Actuaciones Predefinidas
295,8,1,118,0,Actuaciones Predefinidas
295,9,1,118,0,Actuaciones Predefinidas
295,9,2,118,0,Actuaciones Predefinidas
297,1,1,137,0,Bonos Predefinidos
297,1,2,121,0,Bonos Predefinidos
297,8,1,119,0,Bonos Predefinidos
297,9,1,119,0,Bonos Predefinidos
297,9,2,119,0,Bonos Predefinidos
299,1,1,0,0,Honorarios Predefinidos
299,1,2,122,0,Honorarios Predefinidos
299,8,1,0,0,Honorarios Predefinidos
299,9,1,0,0,Honorarios Predefinidos
299,9,2,0,0,Honorarios Predefinidos
300,1,1,0,0,Suplidos Predefinidos
300,1,2,0,0,Suplidos Predefinidos
300,8,1,0,0,Suplidos Predefinidos
300,9,1,0,0,Suplidos Predefinidos
300,9,2,0,0,Suplidos Predefinidos
303,1,1,138,0,Gastos Predefinidos
303,1,2,123,0,Gastos Predefinidos
303,8,1,121,0,Gastos Predefinidos
303,9,1,121,0,Gastos Predefinidos
303,9,2,121,0,Gastos Predefinidos
304,1,1,139,0,CRM-Presupuestos Predefinidos
304,1,2,124,0,CRM-Presupuestos Predefinidos
304,8,1,122,0,CRM-Presupuestos Predefinidos
304,9,1,122,0,CRM-Presupuestos Predefinidos
304,9,2,122,0,CRM-Presupuestos Predefinidos
313,1,1,0,0,Vencimientos Predefinidos
313,1,2,0,0,Vencimientos Predefinidos
313,8,1,0,0,Vencimientos Predefinidos
313,9,1,0,0,Vencimientos Predefinidos
313,9,2,0,0,Vencimientos Predefinidos
314,1,1,0,0,Ramos Predefinidos
314,1,2,0,0,Ramos Predefinidos
314,8,1,0,0,Ramos Predefinidos
314,9,1,0,0,Ramos Predefinidos
314,9,2,0,0,Ramos Predefinidos
315,1,1,123,0,Vacunas Predefinidas
315,1,2,123,0,Vacunas Predefinidas
315,8,1,123,0,Vacunas Predefinidas
315,9,1,123,0,Vacunas Predefinidas
315,9,2,123,0,Vacunas Predefinidas
319,1,1,140,0,Plantillas de Word
319,1,2,125,0,Plantillas de Word
319,8,1,126,0,Plantillas de Word
319,9,1,126,0,Plantillas de Word
319,9,2,126,0,Plantillas de Word
320,1,1,141,0,Plantillas de Correo
320,1,2,126,0,Plantillas de Correo
320,8,1,127,0,Plantillas de Correo
320,9,1,127,0,Plantillas de Correo
320,9,2,127,0,Plantillas de Correo
321,1,1,142,0,Plantillas de Whatsapp / SMS
321,1,2,127,0,Plantillas de Whatsapp / SMS
321,8,1,128,0,Plantillas de Whatsapp / SMS
321,9,1,128,0,Plantillas de Whatsapp / SMS
321,9,2,128,0,Plantillas de Whatsapp / SMS
322,1,1,143,0,Plantillas de Notas
322,1,2,128,0,Plantillas de Notas
322,8,1,129,0,Plantillas de Notas
322,9,1,129,0,Plantillas de Notas
322,9,2,129,0,Plantillas de Notas
323,1,1,0,0,Plantillas de Doc. MN
323,1,2,0,0,Plantillas de Doc. MN
323,8,1,0,0,Plantillas de Doc. MN
323,9,1,0,0,Plantillas de Doc. MN
323,9,2,0,0,Plantillas de Doc. MN
324,1,1,144,0,Plantillas Predefinidas
324,1,2,129,0,Plantillas Predefinidas
324,8,1,0,0,Plantillas Predefinidas
324,9,1,0,0,Plantillas Predefinidas
324,9,2,0,0,Plantillas Predefinidas
325,1,1,145,0,Datos Usuario / Trabajador
325,1,2,130,0,Datos Usuario / Trabajador
325,8,1,130,0,Datos Usuario / Trabajador
325,9,1,130,0,Datos Usuario / Trabajador
325,9,2,130,0,Datos Usuario / Trabajador
326,1,1,146,0,Permisos  Usuarios / Trabajadores
326,1,2,131,0,Permisos  Usuarios / Trabajadores
326,8,1,131,0,Permisos  Usuarios / Trabajadores
326,9,1,131,0,Permisos  Usuarios / Trabajadores
326,9,2,131,0,Permisos  Usuarios / Trabajadores
327,1,1,132,0,Cambiar de Usuario / Trabajador Activo
327,1,2,132,0,Cambiar de Usuario / Trabajador Activo
327,8,1,132,0,Cambiar de Usuario / Trabajador Activo
327,9,1,132,0,Cambiar de Usuario / Trabajador Activo
327,9,2,132,0,Cambiar de Usuario / Trabajador Activo
328,1,1,147,0,Niveles de Seguridad
328,1,2,132,0,Niveles de Seguridad
328,8,1,133,0,Niveles de Seguridad
328,9,1,133,0,Niveles de Seguridad
328,9,2,133,0,Niveles de Seguridad
351,1,1,148,0,Facturación
351,1,2,133,0,Facturación
351,8,1,134,0,Facturación
351,9,1,134,0,Facturación
351,9,2,134,0,Facturación
352,1,1,149,0,Tesorería
352,1,2,134,0,Tesorería
352,8,1,135,0,Tesorería
352,9,1,135,0,Tesorería
352,9,2,135,0,Tesorería
353,1,1,150,0,Time Report
353,1,2,135,0,Time Report
353,8,1,0,0,Time Report
353,9,1,0,0,Time Report
353,9,2,0,0,Time Report
355,1,1,151,0,Informes
355,1,2,136,0,Informes
355,8,1,0,0,Informes
355,9,1,0,0,Informes
355,9,2,0,0,Informes
356,1,1,544,0,Agenda
356,1,2,137,0,Agenda
356,8,1,136,0,Agenda
356,9,1,136,0,Agenda
356,9,2,136,0,Agenda
357,1,1,0,0,Control de Medicación
357,1,2,0,0,Control de Medicación
357,8,1,0,0,Control de Medicación
357,9,1,0,0,Control de Medicación
357,9,2,0,0,Control de Medicación
358,1,1,152,0,Backup Cloud
358,1,2,138,0,Backup Cloud
358,8,1,137,0,Backup Cloud
358,9,1,137,0,Backup Cloud
358,9,2,137,0,Backup Cloud
359,1,1,0,0,Escáner
359,1,2,139,0,Escáner
359,8,1,0,0,Escáner
359,9,1,0,0,Escáner
359,9,2,0,0,Escáner
360,1,1,0,0,Acceso Profesores
360,1,2,0,0,Acceso Profesores
360,8,1,0,0,Acceso Profesores
360,9,1,0,0,Acceso Profesores
360,9,2,0,0,Acceso Profesores
361,1,1,153,0,Enviar Enlace
361,1,2,140,0,Enviar Enlace
361,8,1,138,0,Enviar Enlace
361,9,1,138,0,Enviar Enlace
361,9,2,138,0,Enviar Enlace
362,1,1,154,0,Correo
362,1,2,141,0,Correo
362,8,1,139,0,Correo
362,9,1,139,0,Correo
362,9,2,139,0,Correo
363,1,1,155,0,WhatsApp
363,1,2,142,0,WhatsApp
363,8,1,140,0,WhatsApp
363,9,1,140,0,WhatsApp
363,9,2,140,0,WhatsApp
364,1,1,156,0,Cuentas
364,1,2,143,0,Cuentas
364,8,1,141,0,Cuentas
364,9,1,141,0,Cuentas
364,9,2,141,0,Cuentas
366,1,1,171,0,Balances P.G.C. Antiguo
366,1,2,142,0,Balances P.G.C. Antiguo
366,8,1,142,0,Balances P.G.C. Antiguo
366,9,1,142,0,Balances P.G.C. Antiguo
366,9,2,142,0,Balances P.G.C. Antiguo
367,1,1,157,0,Cierre/Apertura Ejercicio
367,1,2,144,0,Cierre/Apertura Ejercicio
367,8,1,143,0,Cierre/Apertura Ejercicio
367,9,1,143,0,Cierre/Apertura Ejercicio
367,9,2,143,0,Cierre/Apertura Ejercicio
368,1,1,158,0,Asientos Predefinidos
368,1,2,145,0,Asientos Predefinidos
368,8,1,144,0,Asientos Predefinidos
368,9,1,144,0,Asientos Predefinidos
368,9,2,144,0,Asientos Predefinidos
369,1,1,159,0,Utilidades
369,1,2,146,0,Utilidades
369,8,1,145,0,Utilidades
369,9,1,145,0,Utilidades
369,9,2,145,0,Utilidades
370,1,1,160,0,Conciliación
370,1,2,147,0,Conciliación
370,8,1,146,0,Conciliación
370,9,1,146,0,Conciliación
370,9,2,146,0,Conciliación
371,1,1,0,0,Norma 19
371,1,2,0,0,Norma 19
371,8,1,0,0,Norma 19
371,9,1,0,0,Norma 19
371,9,2,0,0,Norma 19
372,1,1,0,0,Norma 43
372,1,2,0,0,Norma 43
372,8,1,0,0,Norma 43
372,9,1,0,0,Norma 43
372,9,2,0,0,Norma 43
373,1,1,0,0,Formación Bonificada
373,1,2,0,0,Formación Bonificada
373,8,1,0,0,Formación Bonificada
373,9,1,0,0,Formación Bonificada
373,9,2,0,0,Formación Bonificada
374,1,1,161,0,Recetas Médicas
374,1,2,148,0,Recetas Médicas
374,8,1,147,0,Recetas Médicas
374,9,1,147,0,Recetas Médicas
374,9,2,147,0,Recetas Médicas
375,1,1,162,0,Cuentas
375,1,2,149,0,Cuentas
375,8,1,0,0,Cuentas
375,9,1,0,0,Cuentas
375,9,2,0,0,Cuentas
376,1,1,163,0,Estructura PGC
376,1,2,150,0,Estructura PGC
376,8,1,0,0,Estructura PGC
376,9,1,0,0,Estructura PGC
376,9,2,0,0,Estructura PGC
377,1,1,164,0,Config. Cuentas
377,1,2,151,0,Config. Cuentas
377,8,1,0,0,Config. Cuentas
377,9,1,0,0,Config. Cuentas
377,9,2,0,0,Config. Cuentas
378,1,1,165,0,Tipos de Iva/Igic
378,1,2,152,0,Tipos de Iva/Igic
378,8,1,0,0,Tipos de Iva/Igic
378,9,1,0,0,Tipos de Iva/Igic
378,9,2,0,0,Tipos de Iva/Igic
379,1,1,166,0,Tipos de I.R.P.F.
379,1,2,153,0,Tipos de I.R.P.F.
379,8,1,0,0,Tipos de I.R.P.F.
379,9,1,0,0,Tipos de I.R.P.F.
379,9,2,0,0,Tipos de I.R.P.F.
380,1,1,0,0,Equivalencias P.G.C. 2008
380,1,2,0,0,Equivalencias P.G.C. 2008
380,8,1,0,0,Equivalencias P.G.C. 2008
380,9,1,0,0,Equivalencias P.G.C. 2008
380,9,2,0,0,Equivalencias P.G.C. 2008
381,1,1,0,0,Traspaso Cuentas P.G.C. 2008
381,1,2,0,0,Traspaso Cuentas P.G.C. 2008
381,8,1,0,0,Traspaso Cuentas P.G.C. 2008
381,9,1,0,0,Traspaso Cuentas P.G.C. 2008
381,9,2,0,0,Traspaso Cuentas P.G.C. 2008
382,1,1,0,0,Balance de Situación
382,1,2,0,0,Balance de Situación
382,8,1,0,0,Balance de Situación
382,9,1,0,0,Balance de Situación
382,9,2,0,0,Balance de Situación
383,1,1,0,0,Balance Sumas y Saldos
383,1,2,0,0,Balance Sumas y Saldos
383,8,1,0,0,Balance Sumas y Saldos
383,9,1,0,0,Balance Sumas y Saldos
383,9,2,0,0,Balance Sumas y Saldos
384,1,1,0,0,Pérdidas y Ganancias
384,1,2,0,0,Pérdidas y Ganancias
384,8,1,0,0,Pérdidas y Ganancias
384,9,1,0,0,Pérdidas y Ganancias
384,9,2,0,0,Pérdidas y Ganancias
385,1,1,167,0,Cierre Ejercicio
385,1,2,154,0,Cierre Ejercicio
385,8,1,0,0,Cierre Ejercicio
385,9,1,0,0,Cierre Ejercicio
385,9,2,0,0,Cierre Ejercicio
386,1,1,168,0,Invertir Cierre
386,1,2,155,0,Invertir Cierre
386,8,1,0,0,Invertir Cierre
386,9,1,0,0,Invertir Cierre
386,9,2,0,0,Invertir Cierre
387,1,1,169,0,Generar Asiento Apertura
387,1,2,156,0,Generar Asiento Apertura
387,8,1,0,0,Generar Asiento Apertura
387,9,1,0,0,Generar Asiento Apertura
387,9,2,0,0,Generar Asiento Apertura
388,1,1,170,0,Invertir Apertura
388,1,2,157,0,Invertir Apertura
388,8,1,0,0,Invertir Apertura
388,9,1,0,0,Invertir Apertura
388,9,2,0,0,Invertir Apertura
389,1,1,171,0,Importar Cuentas
389,1,2,158,0,Importar Cuentas
389,8,1,0,0,Importar Cuentas
389,9,1,0,0,Importar Cuentas
389,9,2,0,0,Importar Cuentas
390,1,1,187,0,Gastos/Ingresos
390,1,2,0,0,Gastos/Ingresos
390,8,1,0,0,Gastos/Ingresos
390,9,1,0,0,Gastos/Ingresos
390,9,2,0,0,Gastos/Ingresos
391,1,1,188,0,Nóminas
391,1,2,0,0,Nóminas
391,8,1,0,0,Nóminas
391,9,1,0,0,Nóminas
391,9,2,0,0,Nóminas
392,1,1,189,0,Pago Seguros Sociales
392,1,2,0,0,Pago Seguros Sociales
392,8,1,0,0,Pago Seguros Sociales
392,9,1,0,0,Pago Seguros Sociales
392,9,2,0,0,Pago Seguros Sociales
393,1,1,190,0,Devengo Seguros Sociales
393,1,2,0,0,Devengo Seguros Sociales
393,8,1,0,0,Devengo Seguros Sociales
393,9,1,0,0,Devengo Seguros Sociales
393,9,2,0,0,Devengo Seguros Sociales
394,1,1,0,0,Importación Contaplus
394,1,2,0,0,Importación Contaplus
394,8,1,0,0,Importación Contaplus
394,9,1,0,0,Importación Contaplus
394,9,2,0,0,Importación Contaplus
395,1,1,172,0,Actualizar %IVA
395,1,2,159,0,Actualizar %IVA
395,8,1,0,0,Actualizar %IVA
395,9,1,0,0,Actualizar %IVA
395,9,2,0,0,Actualizar %IVA
396,1,1,173,0,Actualizar %IRPF
396,1,2,160,0,Actualizar %IRPF
396,8,1,0,0,Actualizar %IRPF
396,9,1,0,0,Actualizar %IRPF
396,9,2,0,0,Actualizar %IRPF
400,1,1,0,0,Actualizar Marca de Saldo
400,1,2,0,0,Actualizar Marca de Saldo
400,8,1,0,0,Actualizar Marca de Saldo
400,9,1,0,0,Actualizar Marca de Saldo
400,9,2,0,0,Actualizar Marca de Saldo
401,1,1,0,0,Eliminar Facturas Desvincular Cobros
401,1,2,0,0,Eliminar Facturas Desvincular Cobros
401,8,1,0,0,Eliminar Facturas Desvincular Cobros
401,9,1,0,0,Eliminar Facturas Desvincular Cobros
401,9,2,0,0,Eliminar Facturas Desvincular Cobros
402,1,1,0,0,Eliminar duplicados de cobros de remesas
402,1,2,0,0,Eliminar duplicados de cobros de remesas
402,8,1,0,0,Eliminar duplicados de cobros de remesas
402,9,1,0,0,Eliminar duplicados de cobros de remesas
402,9,2,0,0,Eliminar duplicados de cobros de remesas
403,1,1,0,0,Expedientes Predefinidos
403,1,2,0,0,Expedientes Predefinidos
403,8,1,0,0,Expedientes Predefinidos
403,9,1,0,0,Expedientes Predefinidos
403,9,2,0,0,Expedientes Predefinidos
404,1,1,0,0,Generar XML
404,1,2,0,0,Generar XML
404,8,1,0,0,Generar XML
404,9,1,0,0,Generar XML
404,9,2,0,0,Generar XML
405,1,1,0,0,Acciones Formativas
405,1,2,0,0,Acciones Formativas
405,8,1,0,0,Acciones Formativas
405,9,1,0,0,Acciones Formativas
405,9,2,0,0,Acciones Formativas
406,1,1,0,0,Inicio Curso
406,1,2,0,0,Inicio Curso
406,8,1,0,0,Inicio Curso
406,9,1,0,0,Inicio Curso
406,9,2,0,0,Inicio Curso
407,1,1,0,0,Fin Curso
407,1,2,0,0,Fin Curso
407,8,1,0,0,Fin Curso
407,9,1,0,0,Fin Curso
407,9,2,0,0,Fin Curso
413,1,1,0,0,Odontograma
413,1,2,0,0,Odontograma
413,8,1,0,0,Odontograma
413,9,1,0,0,Odontograma
413,9,2,0,0,Odontograma
414,1,1,0,0,Control de Tratamientos
414,1,2,0,0,Control de Tratamientos
414,8,1,0,0,Control de Tratamientos
414,9,1,0,0,Control de Tratamientos
414,9,2,0,0,Control de Tratamientos
416,1,1,175,0,Control de Bonos
416,1,2,161,0,Control de Bonos
416,8,1,152,0,Control de Bonos
416,9,1,152,0,Control de Bonos
416,9,2,152,0,Control de Bonos
417,1,1,176,0,Remesas
417,1,2,162,0,Remesas
417,8,1,153,0,Remesas
417,9,1,153,0,Remesas
417,9,2,153,0,Remesas
418,1,1,177,0,Utilidades
418,1,2,163,0,Utilidades
418,8,1,0,0,Utilidades
418,9,1,0,0,Utilidades
418,9,2,0,0,Utilidades
419,1,1,154,0,Arqueo de Caja
419,1,2,154,0,Arqueo de Caja
419,8,1,154,0,Arqueo de Caja
419,9,1,154,0,Arqueo de Caja
419,9,2,154,0,Arqueo de Caja
422,1,1,0,0,Plan Individual
422,1,2,0,0,Plan Individual
422,8,1,0,0,Plan Individual
422,9,1,0,0,Plan Individual
422,9,2,0,0,Plan Individual
423,1,1,0,0,Control de Obligaciones
423,1,2,0,0,Control de Obligaciones
423,8,1,0,0,Control de Obligaciones
423,9,1,0,0,Control de Obligaciones
423,9,2,0,0,Control de Obligaciones
424,1,1,0,0,Calificaciones
424,1,2,0,0,Calificaciones
424,8,1,0,0,Calificaciones
424,9,1,0,0,Calificaciones
424,9,2,0,0,Calificaciones
425,1,1,178,0,Cursos
425,1,2,164,0,Cursos
425,8,1,155,0,Cursos
425,9,1,155,0,Cursos
425,9,2,155,0,Cursos
426,1,1,179,0,Alumnos
426,1,2,165,0,Alumnos
426,8,1,156,0,Alumnos
426,9,1,156,0,Alumnos
426,9,2,156,0,Alumnos
428,1,1,180,0,Libros
428,1,2,166,0,Libros
428,8,1,157,0,Libros
428,9,1,157,0,Libros
428,9,2,157,0,Libros
429,1,1,181,0,Enviar Enlace
429,1,2,167,0,Enviar Enlace
429,8,1,0,0,Enviar Enlace
429,9,1,0,0,Enviar Enlace
429,9,2,0,0,Enviar Enlace
430,1,1,182,0,Correo
430,1,2,168,0,Correo
430,8,1,0,0,Correo
430,9,1,0,0,Correo
430,9,2,0,0,Correo
431,1,1,183,0,WhatsApp
431,1,2,169,0,WhatsApp
431,8,1,0,0,WhatsApp
431,9,1,0,0,WhatsApp
431,9,2,0,0,WhatsApp
432,1,1,0,0,Lexnet
432,1,2,0,0,Lexnet
432,8,1,0,0,Lexnet
432,9,1,0,0,Lexnet
432,9,2,0,0,Lexnet
433,1,1,184,0,Historial de Fichajes
433,1,2,170,0,Historial de Fichajes
433,8,1,158,0,Historial de Fichajes
433,9,1,158,0,Historial de Fichajes
433,9,2,158,0,Historial de Fichajes
434,1,1,210,0,Libros/Modelos AEAT
434,1,2,159,0,Libros/Modelos AEAT
434,8,1,159,0,Libros/Modelos AEAT
434,9,1,159,0,Libros/Modelos AEAT
434,9,2,159,0,Libros/Modelos AEAT
435,1,1,185,0,Cobros a Aseguradora
435,1,2,171,0,Cobros a Aseguradora
435,8,1,160,0,Cobros a Aseguradora
435,9,1,160,0,Cobros a Aseguradora
435,9,2,160,0,Cobros a Aseguradora
436,1,1,0,0,Bienes Inversión/Amortizaciones
436,1,2,0,0,Bienes Inversión/Amortizaciones
436,8,1,0,0,Bienes Inversión/Amortizaciones
436,9,1,0,0,Bienes Inversión/Amortizaciones
436,9,2,0,0,Bienes Inversión/Amortizaciones
438,1,1,186,0,Libro de IVA por Tipo de Operación
438,1,2,172,0,Libro de IVA por Tipo de Operación
438,8,1,0,0,Libro de IVA por Tipo de Operación
438,9,1,0,0,Libro de IVA por Tipo de Operación
438,9,2,0,0,Libro de IVA por Tipo de Operación
442,1,1,187,0,Nuevos Libros/Modelos AEAT
442,1,2,173,0,Nuevos Libros/Modelos AEAT
442,8,1,161,0,Nuevos Libros/Modelos AEAT
442,9,1,161,0,Nuevos Libros/Modelos AEAT
442,9,2,161,0,Nuevos Libros/Modelos AEAT
443,1,1,188,0,Modelos
443,1,2,174,0,Modelos
443,8,1,162,0,Modelos
443,9,1,162,0,Modelos
443,9,2,162,0,Modelos
444,1,1,189,0,Libros
444,1,2,175,0,Libros
444,8,1,0,0,Libros
444,9,1,0,0,Libros
444,9,2,0,0,Libros
445,1,1,0,0,Libro de Provisiones y Suplidos
445,1,2,0,0,Libro de Provisiones y Suplidos
445,8,1,0,0,Libro de Provisiones y Suplidos
445,9,1,0,0,Libro de Provisiones y Suplidos
445,9,2,0,0,Libro de Provisiones y Suplidos
446,1,1,190,0,Depuración
446,1,2,196,0,Depuración
446,8,1,163,0,Depuración
446,9,1,163,0,Depuración
446,9,2,163,0,Depuración
447,1,1,191,0,Fusionar Fichas Duplicadas
447,1,2,176,0,Fusionar Fichas Duplicadas
447,8,1,164,0,Fusionar Fichas Duplicadas
447,9,1,164,0,Fusionar Fichas Duplicadas
447,9,2,164,0,Fusionar Fichas Duplicadas
448,1,1,192,0,Libro de Ingresos/Facturas Emitidas
448,1,2,177,0,Libro de Ingresos/Facturas Emitidas
448,8,1,165,0,Libro de Ingresos/Facturas Emitidas
448,9,1,165,0,Libro de Ingresos/Facturas Emitidas
448,9,2,165,0,Libro de Ingresos/Facturas Emitidas
449,1,1,193,0,Declaración Mod. 347
449,1,2,178,0,Declaración Mod. 347
450,1,1,166,0,Control de Asistencia
450,1,2,166,0,Control de Asistencia
450,8,1,166,0,Control de Asistencia
450,9,1,166,0,Control de Asistencia
450,9,2,166,0,Control de Asistencia
451,1,1,217,0,Reserva Online
451,1,2,167,0,Reserva Online
451,8,1,167,0,Reserva Online
451,9,1,167,0,Reserva Online
451,9,2,167,0,Reserva Online
452,1,1,0,0,Calendario Web y Asistencia
452,1,2,0,0,Calendario Web y Asistencia
452,8,1,0,0,Calendario Web y Asistencia
452,9,1,0,0,Calendario Web y Asistencia
452,9,2,0,0,Calendario Web y Asistencia
453,1,1,0,0,Seguimiento
453,1,2,0,0,Seguimiento
453,8,1,0,0,Seguimiento
453,9,1,0,0,Seguimiento
453,9,2,0,0,Seguimiento
454,1,1,194,0,Nueva Firma
454,1,2,179,0,Nueva Firma
454,8,1,168,0,Nueva Firma
454,9,1,168,0,Nueva Firma
454,9,2,168,0,Nueva Firma
455,1,1,195,0,Control de Firmas Electrónicas
455,1,2,180,0,Control de Firmas Electrónicas
455,8,1,169,0,Control de Firmas Electrónicas
455,9,1,169,0,Control de Firmas Electrónicas
455,9,2,169,0,Control de Firmas Electrónicas
456,1,1,196,0,Certificado Digital
456,1,2,181,0,Certificado Digital
456,8,1,170,0,Certificado Digital
456,9,1,170,0,Certificado Digital
456,9,2,170,0,Certificado Digital
457,1,1,197,0,Firma Wacom
457,1,2,182,0,Firma Wacom
457,8,1,171,0,Firma Wacom
457,9,1,171,0,Firma Wacom
457,9,2,171,0,Firma Wacom
458,1,1,198,0,Tablet/Móvil
458,1,2,183,0,Tablet/Móvil
458,8,1,172,0,Tablet/Móvil
458,9,1,172,0,Tablet/Móvil
458,9,2,172,0,Tablet/Móvil
459,1,1,199,0,MN Accept
459,1,2,184,0,MN Accept
459,8,1,173,0,MN Accept
459,9,1,173,0,MN Accept
459,9,2,173,0,MN Accept
460,1,1,200,0,Accept Adjunto por Correo
460,1,2,185,0,Accept Adjunto por Correo
460,8,1,174,0,Accept Adjunto por Correo
460,9,1,174,0,Accept Adjunto por Correo
460,9,2,174,0,Accept Adjunto por Correo
461,1,1,201,0,Accept Adjunto por Whatsapp
461,1,2,186,0,Accept Adjunto por Whatsapp
461,8,1,175,0,Accept Adjunto por Whatsapp
461,9,1,175,0,Accept Adjunto por Whatsapp
461,9,2,175,0,Accept Adjunto por Whatsapp
462,1,1,202,0,Accept de Correo
462,1,2,187,0,Accept de Correo
462,8,1,176,0,Accept de Correo
462,9,1,176,0,Accept de Correo
462,9,2,176,0,Accept de Correo
463,1,1,203,0,Accept de Whatsapp
463,1,2,188,0,Accept de Whatsapp
463,8,1,177,0,Accept de Whatsapp
463,9,1,177,0,Accept de Whatsapp
463,9,2,177,0,Accept de Whatsapp
464,1,1,0,0,Nóminas
464,1,2,0,0,Nóminas
464,8,1,0,0,Nóminas
464,9,1,0,0,Nóminas
464,9,2,0,0,Nóminas
465,1,1,0,0,Alta Nómina
465,1,2,0,0,Alta Nómina
465,8,1,0,0,Alta Nómina
465,9,1,0,0,Alta Nómina
465,9,2,0,0,Alta Nómina
466,1,1,0,0,Devengo Seguros Sociales
466,1,2,0,0,Devengo Seguros Sociales
466,8,1,0,0,Devengo Seguros Sociales
466,9,1,0,0,Devengo Seguros Sociales
466,9,2,0,0,Devengo Seguros Sociales
467,1,1,0,0,Pagos Seguros Sociales
467,1,2,0,0,Pagos Seguros Sociales
467,8,1,0,0,Pagos Seguros Sociales
467,9,1,0,0,Pagos Seguros Sociales
467,9,2,0,0,Pagos Seguros Sociales
468,1,1,204,0,Atajos Envío Correo
468,1,2,189,0,Atajos Envío Correo
468,8,1,0,0,Atajos Envío Correo
468,9,1,0,0,Atajos Envío Correo
468,9,2,0,0,Atajos Envío Correo
469,1,1,205,0,Pruebas Médicas Predefinidas
469,1,2,190,0,Pruebas Médicas Predefinidas
469,8,1,178,0,Pruebas Médicas Predefinidas
469,9,1,178,0,Pruebas Médicas Predefinidas
469,9,2,178,0,Pruebas Médicas Predefinidas
476,1,1,207,0,Todos los CMI
476,1,2,191,0,Todos los CMI
476,8,1,181,0,Todos los CMI
476,9,1,181,0,Todos los CMI
476,9,2,181,0,Todos los CMI
477,1,1,0,0,Generar Cobros (Igualas (Servicios))
477,1,2,0,0,Generar Cobros (Igualas (Servicios))
477,8,1,0,0,Generar Cobros (Igualas (Servicios))
477,9,1,0,0,Generar Cobros (Igualas (Servicios))
477,9,2,0,0,Generar Cobros (Igualas (Servicios))
480,1,1,208,0,Reserva de Cita
480,1,2,358,0,Reserva de Agenda
480,9,1,0,0,Reserva de Cita
480,9,2,0,0,Reserva de Cita
481,1,1,0,0,Reserva de Clases
481,1,2,0,0,Reserva de Clases
481,9,1,0,0,Reserva de Clases
481,9,2,0,0,Reserva de Clases
482,1,1,209,0,Configurar Web
482,1,2,359,0,Configurar Web
482,9,1,0,0,Configurar Web
482,9,2,0,0,Configurar Web
483,1,1,210,0,Enviar Enlace
483,1,2,360,0,Enviar Enlace
483,9,1,0,0,Enviar Enlace
483,9,2,0,0,Enviar Enlace
484,1,1,211,0,Correo
484,1,2,361,0,Correo
484,9,1,0,0,Correo
484,9,2,0,0,Correo
485,1,1,212,0,WhatsApp
485,1,2,0,0,WhatsApp
485,9,1,0,0,WhatsApp
485,9,2,0,0,WhatsApp
486,1,1,0,0,Reserva de Cursos
486,1,2,0,0,Reserva de Cursos
486,9,1,0,0,Reserva de Cursos
486,9,2,0,0,Reserva de Cursos
487,1,1,213,0,Configurar Web
487,1,2,362,0,Configurar Web
487,9,1,0,0,Configurar Web
487,9,2,0,0,Configurar Web
488,1,1,214,0,Enviar Enlace
488,1,2,363,0,Enviar Enlace
488,9,1,0,0,Enviar Enlace
488,9,2,0,0,Enviar Enlace
489,1,1,215,0,Correo
489,1,2,364,0,Correo
489,9,1,0,0,Correo
489,9,2,0,0,Correo
490,1,1,216,0,WhatsApp
490,1,2,0,0,WhatsApp
490,9,1,0,0,WhatsApp
490,9,2,0,0,WhatsApp
491,1,1,0,0,Reserva de Materiales/Recursos
491,1,2,0,0,Reserva de Tareas
491,9,1,0,0,Reserva de Materiales/Recursos
491,9,2,0,0,Reserva de Materiales/Recursos
492,1,1,0,0,Configurar Web
492,1,2,0,0,Configurar Web
492,9,1,0,0,Configurar Web
492,9,2,0,0,Configurar Web
493,1,1,0,0,Enviar Enlace
493,1,2,0,0,Enviar Enlace
493,9,1,0,0,Enviar Enlace
493,9,2,0,0,Enviar Enlace
494,1,1,0,0,Correo
494,1,2,0,0,Correo
494,9,1,0,0,Correo
494,9,2,0,0,Correo
495,1,1,0,0,WhatsApp
495,1,2,0,0,WhatsApp
495,9,1,0,0,WhatsApp
495,9,2,0,0,WhatsApp
497,1,1,217,0,Enlaces Externos
497,1,2,192,0,Enlaces Externos
497,8,1,182,0,Enlaces Externos
497,9,1,182,0,Enlaces Externos
497,9,2,182,0,Enlaces Externos
498,1,1,218,0,Configurar
498,1,2,193,0,Configurar
498,8,1,183,0,Configurar
498,9,1,183,0,Configurar
498,9,2,183,0,Configurar
500,1,1,219,0,Configurar Niveles
500,1,2,194,0,Configurar Niveles
500,8,1,184,0,Configurar Niveles
500,9,1,184,0,Configurar Niveles
500,9,2,184,0,Configurar Niveles
501,1,1,220,0,Desbloquear Niveles
501,1,2,195,0,Desbloquear Niveles
501,8,1,185,0,Desbloquear Niveles
501,9,1,185,0,Desbloquear Niveles
501,9,2,185,0,Desbloquear Niveles
503,1,1,238,0,Tareas Predefinidas
503,1,2,0,0,Tareas Predefinidas
503,8,1,0,0,Tareas Predefinidas
503,9,1,0,0,Tareas Predefinidas
503,9,2,0,0,Tareas Predefinidas
504,1,1,221,0,Pedidos Predefinidos
504,1,2,196,0,Pedidos Predefinidos
504,8,1,187,0,Pedidos Predefinidos
504,9,1,187,0,Pedidos Predefinidos
504,9,2,187,0,Pedidos Predefinidos
508,1,1,222,0,Enviar MN Accept
508,1,2,224,0,Enviar MN Accept
508,8,1,190,0,Enviar MN Accept
508,9,1,190,0,Enviar MN Accept
508,9,2,190,0,Enviar MN Accept
509,1,1,223,0,Control de MN Accept
509,1,2,197,0,Control de MN Accept
509,8,1,191,0,Control de MN Accept
509,9,1,191,0,Control de MN Accept
509,9,2,191,0,Control de MN Accept
510,1,1,224,0,Permisos
510,1,2,198,0,Permisos
510,8,1,192,0,Permisos
510,9,1,192,0,Permisos
510,9,2,192,0,Permisos
511,1,1,225,0,Niveles de Seguridad
511,1,2,199,0,Niveles de Seguridad
511,8,1,193,0,Niveles de Seguridad
511,9,1,193,0,Niveles de Seguridad
511,9,2,193,0,Niveles de Seguridad
512,1,1,0,0,Configurar
512,1,2,0,0,Configurar
512,8,1,0,0,Configurar
512,9,1,0,0,Configurar
512,9,2,0,0,Configurar
513,1,1,226,0,Modelo 347
513,1,2,200,0,Modelo 347
513,8,1,194,0,Modelo 347
513,9,1,194,0,Modelo 347
513,9,2,194,0,Modelo 347
515,1,1,0,0,Modelo 696
515,1,2,0,0,Modelo 696
516,1,1,227,0,Modelo 111
516,1,2,201,0,Modelo 111
517,1,1,228,0,Modelo 115
517,1,2,202,0,Modelo 115
518,1,1,229,0,Atajos Envío Whatsapp
518,1,2,203,0,Atajos Envío Whatsapp
519,1,1,230,0,Atajos Imprimir Plantilla
519,1,2,204,0,Atajos Imprimir Plantilla
520,1,1,231,0,Gestión de Accesos
520,1,2,232,0,Gestión de Accesos
521,1,1,232,0,Operadores
521,1,2,205,0,Operadores
525,1,1,233,0,Modelo 130
525,1,2,206,0,Modelo 130
526,1,1,234,0,Modelo 180
526,1,2,207,0,Modelo 180
527,1,1,235,0,Modelo 303
527,1,2,208,0,Modelo 303
528,1,1,236,0,Modelo 349
528,1,2,209,0,Modelo 349
529,1,1,237,0,Formularios de Registro
529,1,2,210,0,Formularios de Registro
530,1,1,238,0,Formularios de Solicitud de Información
530,1,2,239,0,Formularios de Solicitud de Información
531,1,1,239,0,Formularios de Venta
531,1,2,240,0,Formularios de Venta
532,1,1,240,0,Configurar Webs
532,1,2,211,0,Formularios de Solicitud de Información
533,1,1,241,0,Enviar Enlace
533,1,2,212,0,Enviar Enlace
534,1,1,242,0,Correo
534,1,2,213,0,Correo
535,1,1,243,0,WhatsApp
535,1,2,214,0,WhatsApp
536,1,1,244,0,Configurar Webs
536,1,2,215,0,Formularios de Venta
537,1,1,245,0,Enviar Enlace
537,1,2,216,0,Enviar Enlace
538,1,1,246,0,Correo
538,1,2,217,0,Correo
539,1,1,247,0,WhatsApp
539,1,2,218,0,WhatsApp
540,1,1,248,0,Atajos RPA
540,1,2,219,0,Atajos RPA
541,1,1,268,0,RPA Adjuntos
541,1,2,250,0,RPA Adjuntos
542,1,1,249,0,Capturar Adjuntos
542,1,2,220,0,Capturar Adjuntos
543,1,1,250,0,Configurar Envíos Correo
543,1,2,221,0,Envío Correos
544,1,1,0,0,Facturación Recibida BETA
544,1,2,0,0,Facturación Recibida BETA
545,1,1,251,0,Facturas Recibidas
545,1,2,222,0,Facturas Recibidas
546,1,1,0,0,Albaranes Recibidos
546,1,2,0,0,Albaranes Recibidos
547,1,1,252,0,Pagos
547,1,2,223,0,Pagos
548,1,1,0,0,Contabilidad BETA
548,1,2,0,0,Contabilidad BETA
549,1,1,253,0,Diario
549,1,2,224,0,Diario
550,1,1,254,0,Libro Mayor
550,1,2,225,0,Libro Mayor
551,1,1,255,0,Balances
551,1,2,226,0,Balances
552,1,1,256,0,Balance de Situación
552,1,2,227,0,Balance de Situación
553,1,1,257,0,Balance Sumas y Saldos
553,1,2,228,0,Balance Sumas y Saldos
554,1,1,258,0,Resumen Sumas y Saldos Anual
554,1,2,229,0,Resumen Sumas y Saldos Anual
555,1,1,259,0,Pérdidas y Ganancias
555,1,2,230,0,Pérdidas y Ganancias
556,1,1,260,0,Estado de Cambios En el Patrimonio Neto
556,1,2,231,0,Estado de Cambios En el Patrimonio Neto
557,1,1,261,0,Libros/ Modelos AEAT
557,1,2,232,0,Libros/ Modelos AEAT
558,1,1,262,0,Modelos
558,1,2,233,0,Modelos
559,1,1,263,0,Modelo 111
559,1,2,234,0,Modelo 111
560,1,1,264,0,Modelo 115
560,1,2,235,0,Modelo 115
561,1,1,265,0,Modelo 130
561,1,2,236,0,Modelo 130
562,1,1,266,0,Modelo 180
562,1,2,237,0,Modelo 180
563,1,1,267,0,Modelo 303
563,1,2,238,0,Modelo 303
564,1,1,268,0,Modelo 347
564,1,2,239,0,Modelo 347
565,1,1,269,0,Modelo 349
565,1,2,240,0,Modelo 349
566,1,1,270,0,Modelo 696
566,1,2,241,0,Modelo 696
567,1,1,271,0,Libros
567,1,2,242,0,Libros
568,1,1,272,0,Libro de Ingresos
568,1,2,243,0,Libro de Ingresos
569,1,1,273,0,Libro Provisiones/Suplidos
569,1,2,244,0,Libro Provisiones/Suplidos
570,1,1,274,0,Cuentas
570,1,2,245,0,Cuentas
571,1,1,275,0,Cuentas
571,1,2,246,0,Cuentas
572,1,1,276,0,Estructura PGC
572,1,2,247,0,Estructura PGC
573,1,1,277,0,Config. Cuentas
573,1,2,248,0,Config. Cuentas
574,1,1,278,0,Utilidades
574,1,2,249,0,Utilidades
575,1,1,279,0,Herramientas de Chequeo
575,1,2,250,0,Herramientas de Chequeo
577,1,1,280,0,Chequeo Asientos con Descuadres inferiores a 1 euro
577,1,2,251,0,Chequeo Asientos con Descuadres inferiores a 1 euro
579,1,1,281,0,Chequeo Cuentas erróneas
579,1,2,252,0,Chequeo Cuentas erróneas
581,1,1,282,0,Chequeo Contabilizado/Pendiente de Contabilizar
581,1,2,253,0,Chequeo Contabilizado/Pendiente de Contabilizar
582,1,1,283,0,Cursos
582,1,2,254,0,Cursos
583,1,1,284,0,Alumnos
583,1,2,255,0,Alumnos
584,1,1,285,0,Seleccionar Logo Empresa
584,1,2,256,0,Seleccionar Logo Empresa
585,1,1,286,0,Chequeo Cuentas IVA/IRPF
585,1,2,257,0,Chequeo Cuentas IVA/IRPF
586,1,1,287,0,Expedientes
586,1,2,258,0,Expedientes Predefinidos
587,1,1,0,0,Modelo 233
587,1,2,0,0,Modelo 233
588,1,1,0,0,Nóminas
588,1,2,0,0,Nóminas
589,1,1,0,0,Libros
589,1,2,0,0,Libros
591,1,1,0,0,Libro Bs. Inversión
591,1,2,0,0,Libro Bs. Inversión
593,1,1,0,0,Cuentas
593,1,2,0,0,Cuentas
594,1,1,0,0,Tipos de Iva/Igic
594,1,2,0,0,Tipos de Iva/Igic
595,1,1,0,0,Tipos de I.R.P.F.
595,1,2,0,0,Tipos de I.R.P.F.
596,1,1,0,0,Cambiar tu contraseña
596,1,2,0,0,Cambiar tu contraseña
597,1,1,0,0,Trabajos
597,1,2,0,0,Tareas Predefinidas
598,1,1,0,0,Tareas-Plazos
598,1,2,0,0,Subtareas Predefinidas
599,1,1,0,0,Actualizar %IVA
599,1,2,0,0,Actualizar %IVA
600,1,1,0,0,Actualizar %IRPF
600,1,2,0,0,Actualizar %IRPF
601,1,1,0,0,Empresa Bonificada
601,1,2,0,0,Empresa Bonificada
602,1,1,0,0,Empresa Organizadora
602,1,2,0,0,Empresa Organizadora
603,1,1,0,0,Empresa Bonificada
603,1,2,0,0,Empresa Bonificada
604,1,1,0,0,Empresa Organizadora
604,1,2,0,0,Empresa Organizadora
605,1,1,0,0,Tarifas
605,1,2,259,0,Tarifas Predefinidas
606,1,1,288,0,Modelo 390
606,1,2,260,0,Modelo 390
607,1,1,0,0,Órdenes de Trabajo
607,1,2,0,0,Órdenes de Trabajo
608,1,1,289,0,Chequeo Cuentas Sin Facturar
608,1,2,291,0,Chequeo Cuentas Sin Facturar
609,1,1,290,0,Chequeo Actuaciones con precio que no están en cobros y/o facturas
609,1,2,292,0,Chequeo Actuaciones con precio que no están en cobros y/o facturas
610,1,1,291,0,Chequeo Cobros sin facturar
610,1,2,293,0,Chequeo Cobros sin facturar
611,1,1,292,0,Chequeo Remesas sin cobrar y/o sin enviar a diario
611,1,2,294,0,Chequeo Remesas sin cobrar y/o sin enviar a diario
612,1,1,293,0,Chequeo Pagos sin facturar
612,1,2,295,0,Chequeo Pagos sin facturar
613,1,1,294,0,Libro de Ingresos
613,1,2,261,0,Libro de Ingresos
614,1,1,295,0,Libro de Gastos
614,1,2,262,0,Libro de Gastos
615,1,1,296,0,Chequeo Facturas con Conceptos sin IVA
615,1,2,298,0,Chequeo Facturas con Conceptos sin IVA
616,1,1,297,0,Modelo 390
616,1,2,263,0,Modelo 390
617,1,1,298,0,Configuraciones
617,1,2,264,0,Configuraciones
619,1,1,300,0,Generales
619,1,2,265,0,Generales
620,1,1,301,0,Contadores
620,1,2,266,0,Contadores
621,1,1,302,0,Configuraciones
621,1,2,267,0,Configuraciones
623,1,1,304,0,Generales
623,1,2,268,0,Generales
624,1,1,305,0,Correo
624,1,2,269,0,Correo
625,1,1,306,0,Configuraciones
625,1,2,270,0,Configuraciones
627,1,1,308,0,Generales
627,1,2,271,0,Generales
628,1,1,309,0,Plantillas de Correo
628,1,2,272,0,Plantillas de Correo
629,1,1,310,0,Configuraciones
629,1,2,273,0,Configuraciones
630,1,1,311,0,Generales
630,1,2,274,0,Generales
631,1,1,312,0,Configuraciones
631,1,2,275,0,Configuraciones
633,1,1,314,0,Generales
633,1,2,276,0,Generales
634,1,1,315,0,Contadores
634,1,2,277,0,Contadores
635,1,1,316,0,Plantillas de Word
635,1,2,278,0,Plantillas de Word
636,1,1,317,0,Plantillas de Correo
636,1,2,279,0,Plantillas de Correo
637,1,1,318,0,Configuraciones
637,1,2,280,0,Configuraciones
639,1,1,320,0,Generales
639,1,2,281,0,Generales
640,1,1,321,0,Contadores
640,1,2,282,0,Contadores
641,1,1,322,0,Plantillas de Word
641,1,2,283,0,Plantillas de Word
642,1,1,323,0,Plantillas de Correo
642,1,2,284,0,Plantillas de Correo
643,1,1,324,0,Configuraciones
643,1,2,285,0,Configuraciones
645,1,1,326,0,Generales
645,1,2,286,0,Generales
646,1,1,327,0,Contadores
646,1,2,287,0,Contadores
648,1,1,0,0,Configuraciones
648,1,2,288,0,Configuraciones
650,1,1,330,0,Generales
650,1,2,289,0,Generales
651,1,1,331,0,Configuraciones
651,1,2,333,0,Configuraciones
654,1,1,334,0,Plantillas de Correo
654,1,2,290,0,Plantillas de Correo
655,1,1,335,0,Configuraciones
655,1,2,291,0,Configuraciones
657,1,1,337,0,Generales
657,1,2,292,0,Generales
658,1,1,338,0,Planificación
658,1,2,293,0,Planificación
659,1,1,339,0,Configuraciones
659,1,2,294,0,Configuraciones
661,1,1,341,0,Generales
661,1,2,295,0,Generales
662,1,1,342,0,Contadores
662,1,2,296,0,Contadores
663,1,1,343,0,Plantillas de Word
663,1,2,297,0,Plantillas de Word
664,1,1,344,0,Plantillas de Correo
664,1,2,298,0,Plantillas de Correo
665,1,1,0,0,Configuraciones
665,1,2,0,0,Configuraciones
667,1,1,346,0,Plantillas de Word
667,1,2,299,0,Plantillas de Word
668,1,1,347,0,Plantillas de Correo
668,1,2,300,0,Plantillas de Correo
671,1,1,350,0,Generales
671,1,2,301,0,Generales
672,1,1,351,0,Contadores
672,1,2,302,0,Contadores
673,1,1,352,0,Plantillas de Word
673,1,2,303,0,Plantillas de Word
674,1,1,353,0,Plantillas de Correo
674,1,2,304,0,Plantillas de Correo
675,1,1,354,0,MN Sign
675,1,2,5,1,MN Sign
676,1,1,355,0,Configuraciones
676,1,2,357,0,Configuraciones
678,1,1,357,0,Generales
678,1,2,306,0,Generales
679,1,1,0,0,Plantillas de Word
679,1,2,360,0,Plantillas de Word
680,1,1,358,0,Plantillas de Correo
680,1,2,307,0,Plantillas de Correo
681,1,1,0,0,Configuraciones
681,1,2,0,0,Configuraciones
683,1,1,360,0,Plantillas de Word
683,1,2,308,0,Plantillas de Word
684,1,1,361,0,Plantillas de Correo
684,1,2,309,0,Plantillas de Correo
685,1,1,362,0,Emailer
685,1,2,365,0,Emailer
686,1,1,363,0,Configuraciones
686,1,2,310,0,Configuraciones
688,1,1,365,0,Generales
688,1,2,311,0,Generales
689,1,1,366,0,Plantillas de Correo
689,1,2,312,0,Plantillas de Correo
690,1,1,367,0,RPA
690,1,2,313,0,RPA
691,1,1,368,0,Configuraciones
691,1,2,371,0,Configuraciones
693,1,1,370,0,RPA Adjuntos
693,1,2,314,0,RPA adjuntos
694,1,1,0,0,Generales
694,1,2,0,0,Generales
695,1,1,371,0,Plantillas de Word
695,1,2,315,0,Plantillas de Word
696,1,1,372,0,Plantillas de Correo
696,1,2,316,0,Plantillas de Correo
700,1,1,376,0,Configuraciones
700,1,2,317,0,Configuraciones
702,1,1,378,0,Formularios Web
702,1,2,318,0,Generales
704,1,1,0,0,Tareas
704,1,2,0,0,Tareas
705,1,1,0,0,Compras
705,1,2,383,0,Compras
707,1,1,0,0,Configuraciones
707,1,2,319,0,Configuraciones
709,1,1,0,0,Acceso Clientes
709,1,2,386,0,Acceso Clientes
710,1,1,0,0,Acceso Profesores
710,1,2,0,0,Acceso Profesores
715,1,1,385,0,Servicio
715,1,2,320,0,Servicio
716,1,1,386,0,WhatsApp
716,1,2,321,0,WhatsApp
717,1,1,387,0,Configuraciones
717,1,2,322,0,Configuraciones
719,1,1,389,0,Generales
719,1,2,323,0,Generales
720,1,1,390,0,Plantillas de WhatsApp
720,1,2,324,0,Plantillas de WhatsApp
721,1,1,391,0,Más Módulos
721,1,2,325,0,Más Módulos
722,1,1,392,0,Configuraciones
722,1,2,326,0,Configuración
724,1,1,394,0,Generales
724,1,2,327,0,Generales
725,1,1,395,0,Configuraciones
725,1,2,328,0,Configuración
727,1,1,396,0,Generales
727,1,2,329,0,Generales
728,1,1,397,0,Bonos
728,1,2,330,0,Bonos
729,1,1,398,0,Configuraciones
729,1,2,331,0,Configuración
731,1,1,400,0,Generales
731,1,2,332,0,Generales
732,1,1,401,0,Recetas Médicas
732,1,2,333,0,Recetas Médicas
733,1,1,402,0,Configuraciones
733,1,2,334,0,Configuración
734,1,1,403,0,Plantillas de Word
734,1,2,335,0,Plantillas de Word
735,1,1,404,0,Configuraciones
735,1,2,336,0,Configuraciones
737,1,1,406,0,Generales
737,1,2,337,0,Generales
738,1,1,407,0,Configuraciones
738,1,2,338,0,Configuración
739,1,1,408,0,Generales
739,1,2,339,0,Generales
740,1,1,409,0,Libro de IRPF por Tipo de Operación
740,1,2,340,0,Libro de IRPF por Tipo de Operación
741,1,1,410,0,Plantillas de Word
741,1,2,341,0,Plantillas de Word
742,1,1,411,0,Plantillas de Correo
742,1,2,342,0,Plantillas de Correo
743,1,1,412,0,Plantillas de WhatsApp
743,1,2,343,0,Plantillas de WhatsApp
744,1,1,413,0,Plantillas de Word
744,1,2,344,0,Plantillas de Word
745,1,1,414,0,Plantillas de Correo
745,1,2,345,0,Plantillas de Correo
746,1,1,415,0,Plantillas de WhatsApp
746,1,2,346,0,Plantillas de WhatsApp
748,1,1,417,0,Plantillas de WhatsApp
748,1,2,347,0,Plantillas de WhatsApp
750,1,1,419,0,Plantillas de WhatsApp
750,1,2,348,0,Plantillas de WhatsApp
755,1,1,424,0,Plantillas de WhatsApp
755,1,2,349,0,Plantillas de WhatsApp
760,1,1,429,0,Plantillas de WhatsApp
760,1,2,350,0,Plantillas de WhatsApp
762,1,1,431,0,Plantillas de WhatsApp
762,1,2,351,0,Plantillas de WhatsApp
763,1,1,432,0,Generales
763,1,2,352,0,Generales
764,1,1,433,0,Plantillas de WhatsApp
764,1,2,353,0,Plantillas de WhatsApp
765,1,1,434,0,Generales
765,1,2,354,0,Generales
772,1,1,441,0,Configuraciones
772,1,2,355,0,Configuraciones
774,1,1,443,0,Generales
774,1,2,356,0,Generales
775,1,1,444,0,Libro de IVA por Tipo de Operación
775,1,2,357,0,Libro de IVA por Tipo de Operación
790,1,1,454,0,Libro de IRPF por Tipo de Operación
790,1,2,365,0,Libro de IRPF por Tipo de Operación
791,1,1,455,0,Sign Avanzado de Adjunto por Correo
791,1,2,366,0,Sign Avanzado de Adjunto por Correo
792,1,1,456,0,Sign Avanzado de Adjunto por Whatsapp
792,1,2,367,0,Sign Avanzado de Adjunto por Whatsapp
793,1,1,457,0,Plantillas de Correo
793,1,2,368,0,Plantillas de Correo
794,1,1,458,0,Plantillas de Word
794,1,2,369,0,Plantillas de Word
795,1,1,459,0,Plantillas de Word
795,1,2,370,0,Plantillas de Word
798,1,1,0,0,TicketBai
798,1,2,0,0,TicketBai
799,1,1,0,0,Facturas TicketBai
799,1,2,0,0,Facturas TicketBai
800,1,1,0,0,Configuraciones
800,1,2,0,0,Configuraciones
802,1,1,462,0,Generales
802,1,2,371,0,Generales
803,1,1,463,0,Contadores
803,1,2,372,0,Contadores
804,1,1,464,0,Plantillas de Word
804,1,2,373,0,Plantillas de Word
805,1,1,465,0,Liquidación Mod. 303
805,1,2,374,0,Liquidación Mod. 303
806,1,1,466,0,Firmas
806,1,2,375,0,Firmas
807,1,1,467,0,Expedientes
807,1,2,376,0,Expedientes
808,1,1,468,0,Historial y Agenda
808,1,2,377,0,Historial y Agenda
809,1,1,469,0,Historia Clínica
809,1,2,378,0,Historia Clínica
810,1,1,0,0,Odontograma
810,1,2,0,0,Odontograma
811,1,1,470,0,Facturación
811,1,2,379,0,Facturación
812,1,1,471,0,Planificación 
812,1,2,380,0,Planificación 
813,1,1,472,0,CRM-Presupuestos
813,1,2,381,0,CRM-Presupuestos
814,1,1,0,0,Pediatría
814,1,2,0,0,Pediatría
815,1,1,473,0,Bonos
815,1,2,382,0,Bonos
816,1,1,0,0,Vencimientos/Pólizas
816,1,2,0,0,Vencimientos/Pólizas
817,1,1,474,0,Predefinidos
817,1,2,383,0,Predefinidos
818,1,1,0,0,Centros Predefinidos
818,1,2,0,0,Centros Predefinidos
819,1,1,475,0,Expedientes
819,1,2,384,0,Expedientes
820,1,1,476,0,Tipo de Expediente
820,1,2,385,0,Tipo de Expediente
821,1,1,0,0,Asuntos Predefinidos
821,1,2,0,0,Asuntos Predefinidos
822,1,1,0,0,Procedimientos Predefinidos
822,1,2,0,0,Procedimientos Predefinidos
823,1,1,477,0,Predefinidos
823,1,2,386,0,Predefinidos
824,1,1,478,0,Actuaciones
824,1,2,387,0,Servicios Predefinidos
825,1,1,479,0,Predefinidos
825,1,2,388,0,Predefinidos
826,1,1,480,0,Prestaciones
826,1,2,389,0,Servicios
827,1,1,481,0,Gastos
827,1,2,390,0,Gastos
828,1,1,0,0,Suplidos
828,1,2,0,0,Suplidos
829,1,1,482,0,Predefinidos
829,1,2,391,0,Predefinidos
830,1,1,483,0,Prestaciones
830,1,2,392,0,Servicios
831,1,1,484,0,Predefinidos
831,1,2,393,0,Predefinidos
832,1,1,485,0,Actuaciones
832,1,2,394,0,Servicios Predefinidos
833,1,1,486,0,Predefinidos
833,1,2,395,0,Predefinidos
834,1,1,0,0,Trabajos
834,1,2,0,0,Trabajos
835,1,1,0,0,Tareas-Plazos
835,1,2,0,0,Tareas-Plazos
836,1,1,487,0,Compras
836,1,2,396,0,Compras
837,1,1,488,0,Predefinidos
837,1,2,397,0,Predefinidos
838,1,1,489,0,CRM-Presupuestos 
838,1,2,398,0,CRM-Presupuestos 
839,1,1,490,0,Predefinidos
839,1,2,399,0,Predefinidos
840,1,1,491,0,Tratamientos
840,1,2,400,0,Tratamientos
841,1,1,0,0,Vencimientos/Pólizas
841,1,2,0,0,Vencimientos/Pólizas
842,1,1,492,0,Configuraciones
842,1,2,401,0,Configuraciones
843,1,1,493,0,Predefinidos
843,1,2,402,0,Predefinidos
844,1,1,494,0,Vencimientos Predefinidos
844,1,2,403,0,Vencimientos Predefinidos
845,1,1,495,0,Predefinidos
845,1,2,404,0,Predefinidos
846,1,1,496,0,Bonos
846,1,2,405,0,Bonos
849,1,2,406,0,Almacenes
850,1,1,0,0,Enviar RPA
850,1,2,0,0,Enviar RPA
851,1,1,498,0,Enviar Correo con RPA
851,1,2,0,0,Enviar Correo con RPA
852,1,1,499,0,Enviar WhatsApp con RPA
852,1,2,0,0,Enviar WhatsApp con RPA
853,1,1,500,0,Imprimir Plantilla con RPA
853,1,2,0,0,Imprimir Plantilla con RPA
854,1,1,0,0,Stock
854,1,2,407,0,Stock
855,1,1,0,0,Artículos
855,1,2,408,0,Artículos
856,1,1,0,0,Movimientos de Stock
856,1,2,0,0,Movimientos de Stock
857,1,1,0,0,Entradas/Salidas de Almacén
857,1,2,0,0,Entradas/Salidas de Almacén
858,1,1,501,0,Oficina Virtual
858,1,2,0,0,Oficina Virtual
859,1,1,502,0,Acceso Trabajadores
859,1,2,409,0,MN program Web
861,1,1,504,0,Plantillas Predeterminadas
861,1,2,410,0,Plantillas Predeterminadas
862,1,1,505,0,Plantillas Predeterminadas
862,1,2,411,0,Plantillas Predeterminadas
863,1,1,506,0,Plantillas Predeterminadas
863,1,2,412,0,Plantillas Predeterminadas
864,1,1,507,0,Plantillas Predeterminadas
864,1,2,413,0,Plantillas Predeterminadas
865,1,1,508,0,Plantillas Predeterminadas
865,1,2,414,0,Plantillas Predeterminadas
866,1,1,509,0,Plantillas Predeterminadas
866,1,2,415,0,Plantillas Predeterminadas
867,1,1,510,0,Plantillas Predeterminadas
867,1,2,416,0,Plantillas Predeterminadas
868,1,1,511,0,Plantillas Predeterminadas
868,1,2,417,0,Plantillas Predeterminadas
869,1,1,0,0,Plantillas Predeterminadas
869,1,2,0,0,Plantillas Predeterminadas
870,1,1,0,0,Plantillas Predeterminadas
870,1,2,0,0,Plantillas Predeterminadas
871,1,1,512,0,MN program Web
871,1,2,418,0,MN program Web
872,1,1,513,0,Módulos Premium
872,1,2,419,0,Módulos Premium
873,1,1,0,0,Servicios Contratados
873,1,2,0,0,Servicios Contratados
876,1,1,0,0,Emisores Facturas
876,1,2,0,0,Emisores Facturas
877,1,1,514,0,MN program Web
877,1,2,0,0,MN program Web
878,1,1,0,0,Recursos
878,1,2,0,0,Recursos
879,1,1,0,0,Recursos
879,1,2,0,0,Recursos
880,1,1,0,0,Control Movimientos Recursos
880,1,2,0,0,Control Movimientos Recursos
881,1,1,515,0,Control de Tesorería
881,1,2,420,0,Control de Tesorería
882,1,1,516,0,Verificación en dos pasos
882,1,2,421,0,Verificación en dos pasos
883,1,1,0,0,Mascotas
883,1,2,0,0,Mascotas
884,1,1,517,0,Cuentas
884,1,2,422,0,Cuentas
885,1,1,518,0,Firmas
885,1,2,423,0,Firmas
886,1,1,519,0,Informes
886,1,2,424,0,Histórico Informes
890,1,1,0,0,TPV
890,1,2,0,0,TPV
891,1,1,520,0,TPV
891,1,2,425,0,TPV
892,1,1,521,0,Configuraciones
892,1,2,426,0,Configuraciones
893,1,1,522,0,Generales
893,1,2,427,0,Generales
894,1,1,0,0,Escalas
894,1,2,0,0,Cuestionarios
895,1,1,0,0,Control de Respuestas Escalas
895,1,2,0,0,Control de Respuestas de Cuestionarios
896,1,1,523,0,Configuraciones
896,1,2,428,0,Configuraciones
897,1,1,524,0,Escalas Predefinidas
897,1,2,429,0,Cuestionarios Predefinidos
899,1,1,0,0,Formularios de Solicitud de Servicio
899,1,2,0,0,Formularios de Solicitud de Servicio
900,1,1,525,0,Formularios de Solicitud de Servicio
900,1,2,430,0,Formularios de Solicitud de Servicio
901,1,1,526,0,Enviar Enlace
901,1,2,431,0,Enviar Enlace
902,1,1,527,0,Correo
902,1,2,432,0,Correo
903,1,1,528,0,WhatsApp
903,1,2,433,0,WhatsApp
905,1,1,0,0,Lexnet
905,1,2,0,0,Lexnet
906,1,1,0,0,Escritos en Cola
906,1,2,0,0,Escritos en Cola
907,1,1,0,0,Plan Individual
907,1,2,0,0,Plan Individual
908,1,1,529,0,Control de PIA
908,1,2,434,0,Control de PIA
909,1,1,530,0,Configuración
909,1,2,435,0,Configuración
910,1,1,531,0,Plantillas de Word
910,1,2,436,0,Plantillas de Word
911,1,1,532,0,Predefinidos
911,1,2,437,0,Predefinidos
912,1,1,533,0,Objetivos
912,1,2,438,0,Objetivos
914,1,1,0,0,PIA
914,1,2,0,0,PIA
915,1,1,535,0,Objetivos
915,1,2,439,0,Objetivos
917,1,1,536,0,Control de Escalas
917,1,2,440,0,Control de Cuestionarios
919,1,1,0,0,Artículos
919,1,2,441,0,Artículos
923,1,1,0,0,Calendario de Obligaciones
923,1,2,0,0,Calendario de Obligaciones
924,1,2,442,0,Predefinidos
926,1,1,0,0,Tareas-Plazos
926,1,2,0,0,Tareas-Plazos
927,1,1,0,0,Tareas-Plazos
927,1,2,0,0,Tareas-Plazos
928,1,1,538,0,Configuraciones
928,1,2,443,0,Configuraciones
929,1,1,539,0,Generales
929,1,2,444,0,Generales
930,1,1,540,0,Predefinidos
930,1,2,445,0,Predefinidos
931,1,1,0,0,Trabajos
931,1,2,0,0,Trabajos
932,1,1,0,0,Tareas-Plazos
932,1,2,0,0,Tareas-Plazos
935,1,1,542,0,Monitorización
935,1,2,446,0,Monitorización
936,1,1,0,0,Artículos
936,1,2,447,0,Artículos
937,1,1,0,0,Artículos
937,1,2,448,0,Artículos
938,1,1,0,0,Artículos
938,1,2,449,0,Artículos
939,1,2,450,0,Configuraciones
940,1,1,0,0,Calendario de Obligaciones
940,1,2,0,0,Calendario de Obligaciones
941,1,1,0,0,Trabajos
941,1,2,0,0,Trabajos
942,1,1,0,0,Trabajos
942,1,2,0,0,Trabajos
943,1,2,0,0,Recall
944,1,2,451,0,Más Módulos Premium
945,1,2,6,1,Fichaje
946,1,2,453,0,Monitorización
947,1,2,454,0,Plantillas de Correo
949,1,2,0,0,Configuraciones
951,1,2,0,0,Tareas-Plazos
952,1,2,0,0,Trabajos
953,1,2,0,0,Tareas-Plazos
954,1,2,0,0,Trabajos
955,1,2,0,0,Whatsapp Business
956,1,2,455,0,Recordatorios Automáticos
957,1,2,0,0,Whatsapp Web
958,1,2,0,0,Plantillas Whatsapp Business
959,1,2,0,0,Plantillas Whatsapp Business
960,1,2,456,0,Validación de Gastos
1003,1,2,457,0,Modelo 190
1004,1,2,458,0,Modelo 190
1005,1,2,459,0,Reserva de Agenda
1006,1,2,0,0,Reserva Online
1007,1,2,460,0,Reserva de Agenda
1008,1,2,461,0,Enviar Enlace
1009,1,2,462,0,Correo
1010,1,2,463,0,WhatsApp
1011,1,2,464,0,Configuraciones
1012,1,2,465,0,Configurar Web Reserva de Agenda
1013,1,2,0,0,Configurar Web Reserva de Cursos
1014,1,2,0,0,Enviar Enlace
1015,1,2,466,0,Correo
1016,1,2,467,0,WhatsApp
1017,1,2,0,0,Configurar Web Reserva de Clases
1018,1,2,0,0,Enviar Enlace
1019,1,2,468,0,Correo
1020,1,2,469,0,WhatsApp
1021,1,2,0,0,Configurar Web Reserva de Tareas
1022,1,2,0,0,Enviar Enlace
1023,1,2,470,0,Correo
1024,1,2,471,0,WhatsApp
1025,1,2,0,0,Propiedades Inmobiliarias
1026,1,2,0,0,Habitaciones y Camas
1027,1,2,0,0,Sin Empresas Participantes
1028,1,2,0,0,Con Empresas Participantes
1029,1,2,0,0,Contadores
1030,1,2,0,0,Grupos de Empresas
1031,1,2,0,0,Grupos de Empresas
1032,1,2,0,0,Chat
1033,1,2,472,0,Comprobaciones Modelos
1034,1,2,473,0,Modelos 303 y 390
1035,1,2,474,0,Comprobaciones Modelos
1036,1,2,475,0,Modelos 303 y 390
1037,1,2,0,0,Enviar Enlace
1038,1,2,476,0,Por Correo
1039,1,2,477,0,Por Whatsapp
1040,1,2,478,0,Cuestionarios Web
1041,1,2,479,0,Cuestionarios Predefinidos
1042,1,2,480,0,Enviar Enlace
1043,1,2,481,0,Por Correo
1044,1,2,482,0,Por Whatsapp
1045,1,2,483,0,Modelo 347
1046,1,2,484,0,Modelo 347
1047,1,2,485,0,Modelo 349
1048,1,2,486,0,Modelo 349
1049,1,2,487,0,Modelos 111 y 190
1050,1,2,488,0,Modelos 111 y 190
1051,1,2,489,0,Modelo 130
1052,1,2,490,0,Modelo 130
1053,1,2,0,0,Generales
1054,1,2,0,0,Plantillas Predeterminadas
1055,1,2,491,0,Modelos 115 y 180
1057,1,2,492,0,Modelos 115 y 180
1058,1,2,0,0,Propiedades
1059,1,2,493,0,Propiedades
1060,1,2,0,0,Portales Inmobiliarios
1061,1,2,494,0,Herramientas de Chequeo
1062,1,2,0,0,Modelo 233
1063,1,2,0,0,Propiedades Inmobiliarias
1064,1,2,0,0,Propiedades Inmobiliarias
1065,1,2,495,0,Configuraciones
1066,1,2,0,0,Portales Inmobiliarios
1067,1,2,496,0,Seleccionar Encabezado
1068,1,2,497,0,Seleccionar Pie de Página
1069,1,2,0,0,Controles Médicos
1070,1,2,0,0,Controles Médicos
1071,1,2,0,0,RRHH
1072,1,2,498,0,Trabajadores
1073,1,2,499,0,Turnos y Ausencias
1074,1,2,500,0,Control Horario
1075,1,2,501,0,Fichaje
1076,1,2,502,0,Inicio Jornada
1077,1,2,503,0,Fin Jornada
1078,1,2,504,0,Inicio Descanso
1079,1,2,505,0,Fin Descanso
1080,1,2,506,0,Historial de Fichajes
1081,1,2,507,0,Informes
1082,1,2,0,0,Monitorización
1083,1,2,0,0,CRM-Presupuestos
1084,1,2,0,0,CRM-Presupuestos
1085,1,2,0,0,Configuraciones
1086,1,2,0,0,Generales
1087,1,2,0,0,Predefinidos
1088,1,2,0,0,CRM-Presupuestos
1089,1,2,508,0,Configuraciones
1090,1,2,509,0,Generales
1091,1,2,0,0,Contadores
1092,1,2,0,0,Predefinidos
1093,1,2,510,0,Compras
1094,1,2,511,0,Utilidades
1095,1,2,512,0,Herramientas de Chequeo
1096,1,2,513,0,Utilidades
1097,1,2,514,0,Herramientas de Chequeo
1098,1,2,0,0,PRESVET
1099,1,2,515,0,Control de Turnos y Ausencias
1100,1,2,516,0,Solicitar Vacaciones/Ausencia
1101,1,2,517,0,Calendario
1102,1,2,531,0,
1103,1,2,518,0,Buscar Expediente
1129,1,2,519,0,Potenciales
1130,1,2,520,0,Mis Atajos
1131,1,2,0,0,MN Sign
1132,1,2,0,0,Configuraciones
1133,1,2,521,0,Papelera de Reciclaje
1134,1,2,522,0,Papelera de Reciclaje
1136,1,2,523,0,Usuarios
1137,1,2,524,0,Permisos
1138,1,2,525,0,Expedientes
1139,1,2,0,0,Alumnos
1140,1,2,0,0,Alumnos
1141,1,2,0,0,Buscar Ficha
1142,1,2,526,0,Papelera de Reciclaje
1144,1,2,527,0,Expedientes
1145,1,2,0,0,Expedientes
1146,1,2,528,0,Informes
1147,1,2,529,0,Cuadros de Mando
1158,1,2,530,0,Enviar MN Sign
1162,1,2,4,1,
1207,1,2,7,1,
