NumCta,Descripcion,Descripcion2,tipoPGC
100,Capital social,Dotaci?n fundacional,0
1000000000,Dotaci?n fundacional,,2
101,Fondo social,,
1010000000,Fondo social,,2
102,Capital,,1
103,Socios por desembolsos no exigidos,Fundadores/asociados por desembolsos no exigidos,0
1030000000,"Socios por desembolsos no exigidos, capital social",Fundadores por desembolsos no exigidos,0
1034000000,"Socios por desembolsos no exigidos, capital pendiente de inscripción",Asociados por desembolsos no exigidos,0
104,Socios por aportaciones no dinerarias pendientes,Fundadores/asociados por aportaciones no dinerarias pendientes,0
1040000000,"Socios por aportaciones no dinerarias pendientes, capital social",Fundadores por aportaciones no dinerarias pendientes,0
1044000000,"Socios por aportaciones no dinerarias pendientes, capital pendiente de inscripción",Asociados por aportaciones no dinerarias pendientes,0
108,Acciones o participaciones propias en situaciones especiales,,1
109,Acciones o participaciones propias para reducción de capital,,1
110,Prima de emisión o asunción,,1
111,Otros instrumentos de patrimonio neto,Reservas estatutarias,0
1110000000,Patrimonio neto por emisión de instrumentos financieros compuestos,Reservas estatutarias,0
1111000000,Resto de instrumentos de patrimonio neto,,1
112,Reserva legal,,1
113,Reservas voluntarias,,
1130000000,Reservas voluntarias,,2
114,Reservas especiales,,
1140000000,Reservas para acciones o participaciones de la sociedad dominante,,
1141000000,Reservas estatutarias,,1
1142000000,Reserva por capital amortizado,,
1143000000,Reserva por fondo de comercio,,
1144000000,Reservas por acciones propias aceptadas en garantía,,
115,Reservas por pérdidas y ganancias actuariales y otros ajustes,,1
118,Aportaciones de socios o propietarios,,1
119,Diferencias por ajuste del capital a euros,,1
120,Remanente,,
1200000000,Remanente,,2
121,Resultados negativos de ejercicios anteriores,Excedente negativo de ejercicios anteriores,0
1210000000,Excedente negativo de ejercicios anteriores,,2
129,Resultado del ejercicio,Excedente del ejercicio,0
1290000000,Excedente del ejercicio,,2
130,Subvenciones oficiales de capital,,
1300000000,Subvenciones del Estado,,2
1301000000,Subvenciones de otras Administraciones P?blicas,,2
131,Donaciones y legados de capital,,
1310000000,Donaciones y legados de capital,,2
132,"Otras subvenciones, donaciones y legados",,
1320000000,"Otras subvenciones, donaciones y legados",,2
133,Ajustes por valoración en activos financieros disponibles para la venta,,1
134,Operaciones de cobertura,,1
1340000000,Cobertura de flujos de efectivo,,1
1341000000,Cobertura de una inversión neta en un negocio en el extranjero,,1
135,Diferencias de conversión,,1
136,"Ajustes por valoración en activos no corrientes y grupos enajenables de elementos, mantenidos para la venta",,1
137,Ingresos fiscales a distribuir en varios ejercicios,,
1370000000,Ingresos fiscales por diferencias permanentes a distribuir en varios ejercicios,,
1371000000,Ingresos fiscales por deducciones y bonificaciones a distribuir en varios ejercicios,,
140,Provisión por retribuciones a largo plazo al personal,,1
141,Provisión para impuestos,,
1410000000,Provisi?n para impuestos,,2
142,Provisión para otras responsabilidades,,
1420000000,Provisi?n para otras responsabilidades,,2
143,"Provisión por desmantelamiento, retiro o rehabilitación del inmovilizado",,1
1430000000,"Provisi?n por desmantelamiento, retiro o rehabilitaci?n del inmovilizado",,2
145,Provisión para actuaciones medioambientales,,
1450000000,Provisi?n para actuaciones medioambientales,,2
146,Provisión para reestructuraciones,,1
147,Provisión por transacciones con pagos basados en instrumentos de patrimonio,,1
150,Acciones o participaciones a largo plazo consideradas como pasivos financieros,,1
153,Desembolsos no exigidos por acciones o participaciones consideradas como pasivos financieros,,1
1533000000,"Desembolsos no exigidos, empresas del grupo",,1
1534000000,"Desembolsos no exigidos, empresas asociadas",,1
1535000000,"Desembolsos no exigidos, otras partes vinculadas",,1
1536000000,Otros desembolsos no exigidos,,1
154,Aportaciones no dinerarias pendientes por acciones o participaciones consideradas como pasivos financieros,,1
1543000000,"Aportaciones no dinerarias pendientes, empresas del grupo",,1
1544000000,"Aportaciones no dinerarias pendientes, empresas asociadas",,1
1545000000,"Aportaciones no dinerarias pendientes ,otras partes vinculadas",,1
1546000000,Otras aportaciones no dinerarias pendientes,,1
160,Deudas a largo plazo con entidades de crédito vinculadas,,
1603000000,"Deudas a largo plazo con entidades de crédito, empresas del grupo","Deudas a largo plazo con entidades de cr?dito, entidades del grupo",0
1604000000,"Deudas a largo plazo con entidades de crédito, empresas asociadas","Deudas a largo plazo con entidades de cr?dito, entidades asociadas",0
1605000000,Deudas a largo plazo con otras entidades de crédito vinculadas,,
161,"Proveedores de inmovilizado a largo plazo, partes vinculadas",,
1613000000,"Proveedores de inmovilizado a largo plazo, empresas del grupo","Proveedores de inmovilizado a largo plazo, entidades del grupo",0
1614000000,"Proveedores de inmovilizado a largo plazo, empresas  asociadas","Proveedores de inmovilizado a largo plazo, entidades asociadas",0
1615000000,"Proveedores de inmovilizado a largo plazo, otras partes vinculadas",,
162,"Acreedores por arrendamiento financiero a largo plazo, partes vinculadas",,
1620000000,"Acreedores por arrendamiento financiero a largo plazo, partes vinculadas",,2
1623000000,"Acreedores por arrendamiento financiero a largo plazo, empresas del grupo","Acreedores por arrendamiento financiero a largo plazo, entidades de grupo",0
1624000000,"Acreedores por arrendamiento financiero a largo plazo, empresas asociadas","Acreedores por arrendamiento financiero a largo plazo, entidades asociadas",0
1625000000,"Acreedores por arrendamiento financiero a largo plazo, otras partes vinculadas",,
163,Otras deudas a largo plazo con partes vinculadas,,
1630000000,Otras deudas a largo plazo con partes vinculadas,,2
1633000000,"Otras deudas a largo plazo, empresas del grupo","Otras deudas a largo plazo, entidades del grupo",0
1634000000,"Otras deudas a largo plazo, empresas  asociadas","Otras deudas a largo plazo, entidades asociadas",0
1635000000,"Otras deudas a largo plazo, con otras partes vinculadas",,
170,Deudas a largo plazo con entidades de crédito,,
1700000000,Deudas a largo plazo con entidades de cr?dito,,2
171,Deudas a largo plazo,,
1710000000,Deudas a largo plazo,,2
172,"Deudas a largo plazo transformables en subvenciones, donaciones y legados","Deudas a largo plazo transformables en subvenciones, donaciones  y legados",0
1720000000,Deudas a largo plazo transformables en subvenciones,,2
1721000000,Deudas a largo plazo transformables en donaciones y legados,,2
173,Proveedores de inmovilizado a largo plazo,,
1730000000,Proveedores de inmovilizado a largo plazo,,2
174,Acreedores por arrendamiento financiero a largo plazo,,
1740000000,Acreedores por arrendamiento financiero a largo plazo,,2
175,Efectos a pagar a largo plazo,,
1750000000,Efectos a pagar a largo plazo,,2
176,Pasivos por derivados financieros a largo plazo,,
1760000000,Pasivos por derivados financieros a largo plazo,,2
1765000000,"Pasivos por derivados financieros a largo plazo, cartera de negociación",,1
1768000000,"Pasivos por derivados financieros a largo plazo, instrumentos de cobertura",,1
177,Obligaciones y bonos,,
1770000000,Obligaciones y bonos,,2
178,Obligaciones y bonos convertibles,,1
179,Deudas representadas en otros valores negociables,,
1790000000,Deudas representadas en otros valores negociables,,2
180,Fianzas recibidas a largo plazo,,
1800000000,Fianzas recibidas a largo plazo,,2
181,Anticipos recibidos por ventas o prestaciones de servicios a largo plazo,,
1810000000,Anticipos recibidos por ventas o prestaciones de servicios a largo plazo,,2
185,Depósitos recibidos a largo plazo,,
1850000000,Dep?sitos recibidos a largo plazo,,2
189,Garantías financieras a largo plazo,,1
190,Acciones o participaciones emitidas,,1
192,Suscriptores de acciones,,1
194,Capital emitido pendiente de inscripción,,1
195,Acciones o participaciones emitidas consideradas como pasivos financieros,,1
197,Suscriptores de acciones consideradas como pasivos financieros,,1
199,Acciones o participaciones emitidas consideradas como pasivos financieros pendientes de inscripción,,1
200,Investigación,,
2000000000,Investigaci?n,,2
201,Desarrollo,,
2010000000,Desarrollo,,2
202,Concesiones administrativas,,
2020000000,Concesiones administrativas,,2
203,Propiedad industrial,,
2030000000,Propiedad industrial,,2
204,Fondo de comercio,,1
205,Derechos de traspaso,,
2050000000,Derechos de traspaso,,2
206,Aplicaciones informáticas,,
2060000000,Aplicaciones inform?ticas,,2
207,Derechos sobre activos cedidos en uso,,2
2070000000,Derechos sobre activos cedidos en uso,,2
209,Anticipos para inmovilizaciones intangibles,,
2090000000,Anticipos para inmovilizaciones intangibles,,2
210,Terrenos y bienes naturales,,
2100000000,Terrenos y bienes naturales,,2
211,Construcciones,,
2110000000,Construcciones,,2
212,Instalaciones técnicas,,
2120000000,Instalaciones t?cnicas,,2
213,Maquinaria,,
2130000000,Maquinaria,,2
214,Utillaje,,
2140000000,Utillaje,,2
215,Otras instalaciones,,
2150000000,Otras instalaciones,,2
216,Mobiliario,,
2160000000,Mobiliario,,2
217,Equipos para proceso de información,,
2170000000,Equipos para proceso de informaci?n,,2
218,Elementos de transporte,,
2180000000,Elementos de transporte,,2
219,Otro inmovilizado material,,
2190000000,Otro inmovilizado material,,2
220,Inversiones en terrenos y bienes naturales,,
2200000000,Inversiones en terrenos y bienes naturales,,2
221,Inversiones en construcciones,,
2210000000,Inversiones en construcciones,,2
230,Adaptación de terrenos y bienes naturales,,
2300000000,Adaptaci?n de terrenos y bienes naturales,,2
231,Construcciones en curso,,
2310000000,Construcciones en curso,,2
232,Instalaciones técnicas en montaje,,
2320000000,Instalaciones t?cnicas en montaje,,2
233,Maquinaria en montaje,,
2330000000,Maquinaria en montaje,,2
237,Equipos para procesos de información en montaje,,
2370000000,Equipos para procesos de informaci?n en montaje,,2
239,Anticipos para  inmovilizaciones materiales,,
2390000000,Anticipos para  inmovilizaciones materiales,,2
240,Participaciones a largo plazo en partes vinculadas,Bienes inmuebles,0
2400000000,Monumentos,,2
2401000000,Jardines Hist?ricos,,2
2402000000,Conjuntos Hist?ricos,,2
2403000000,Participaciones a largo plazo en empresas del grupo,Sitios Hist?ricos,0
2404000000,Participaciones a largo plazo en empresas asociadas,Zonas arqueol?gicas,0
2405000000,Participaciones a largo plazo en otras partes vinculadas,,1
241,Valores representativos de deuda a largo plazo de partes vinculadas,Archivos,0
2410000000,Archivos,,2
2413000000,Valores representativos de deuda a largo plazo de empresas del grupo,,1
2414000000,Valores representativos de deuda a largo plazo de empresas asociadas,,1
2415000000,Valores representativos de deuda a largo plazo de otras partes vinculadas,,1
242,Créditos a largo plazo a partes vinculadas,Bibliotecas,0
2420000000,Bibliotecas,,2
2423000000,Créditos a largo plazo a  empresas del grupo,,1
2424000000,Créditos a largo plazo a  empresas asociadas,,1
2425000000,Créditos a largo plazo a  otras partes vinculadas,,1
243,Museos,,2
2430000000,Museos,,2
244,Bienes muebles,,2
2440000000,Bienes muebles,,2
249,Desembolsos pendientes sobre participaciones a largo plazo en partes vinculadas,Anticipos sobre bienes del Patrimonio Hist?rico,0
2490000000,Anticipos sobre bienes inmuebles del Patrimonio Hist?rico,,2
2491000000,Anticipos sobre archivos del Patrimonio Hist?rico,,2
2492000000,Anticipos sobre bibliotecas del Patrimonio Hist?rico,,2
2493000000,Desembolsos pendientes sobre participaciones a largo plazo en empresas del grupo,Anticipos sobre museos del Patrimonio Hist?rico,0
2494000000,Desembolsos pendientes sobre participaciones a largo plazo en empresas asociadas,Anticipos sobre bienes muebles del Patrimonio Hist?rico,0
2495000000,Desembolsos pendientes sobre participaciones a largo plazo en otras partes vinculadas,,1
250,Inversiones financieras a largo plazo en instrumentos de patrimonio,Participaciones a largo plazo en partes vinculadas,0
2503000000,Participaciones a largo plazo en entidades del grupo,,2
2504000000,Participaciones a largo plazo en entidades asociadas,,2
2505000000,Participaciones a largo plazo en otras partes vinculadas,,2
251,Valores representativos de deuda a largo plazo,Valores representativos de deuda a largo plazo de partes vinculadas,0
2513000000,Valores representativos de deuda a largo plazo de entidades del grupo,,2
2514000000,Valores representativos de deuda a largo plazo de entidades asociadas,,2
2515000000,Valores representativos de deuda a largo plazo de otras partes vinculadas,,2
252,Créditos a largo plazo,Cr?ditos a largo plazo a partes vinculadas,0
2523000000,Cr?ditos a largo plazo a entidades del grupo,,2
2524000000,Cr?ditos a largo plazo a entidades asociadas,,2
2525000000,Cr?ditos a largo plazo a otras partes vinculadas,,2
253,Créditos a largo plazo por enajenación de inmovilizado,,1
254,Créditos a largo plazo al personal,,1
255,Activos por derivados financieros a largo plazo,,1
2550000000,"Activos por derivados financieros a largo plazo, cartera de negociación",,1
2553000000,"Activos por derivados financieros a largo plazo, instrumentos de cobertura",,1
257,Derechos de reembolso derivados de contratos de seguro relativos a retribuciones a largo plazo al personal,,1
258,Imposiciones a largo plazo,,1
259,Desembolsos pendientes sobre participaciones en el patrimonio neto a largo plazo,Desembolsos pendientes sobre participaciones a largo plazo en partes vinculadas,0
2593000000,Desembolsos pendientes sobre participaciones a largo plazo en entidades del grupo,,2
2594000000,Desembolsos pendientes sobre participaciones a largo plazo en entidades asociadas,,2
2595000000,Desembolsos pendientes sobre participaciones a largo plazo en otras partes vinculadas,,2
260,Fianzas constituidas a largo plazo,Inversiones financieras a largo plazo en instrumentos de patrimonio,0
2600000000,Inversiones financieras a largo plazo en instrumentos de patrimonio,,2
261,Valores representativos de deuda a largo plazo,,2
2610000000,Valores representativos de deuda a largo plazo,,2
262,Cr?ditos a largo plazo,,2
2620000000,Cr?ditos a largo plazo,,2
263,Cr?ditos a largo plazo por enajenaci?n de inmovilizado,,2
2630000000,Cr?ditos a largo plazo por enajenaci?n de inmovilizado,,2
264,Cr?ditos a largo plazo al personal,,2
2640000000,Cr?ditos a largo plazo al personal,,2
265,Depósitos constituidos a largo plazo,Activos por derivados financieros a largo plazo,0
2650000000,Activos por derivados financieros a largo plazo,,2
268,Imposiciones a largo plazo,,2
2680000000,Imposiciones a largo plazo,,2
269,Desembolsos pendientes sobre participaciones en el patrimonio neto a largo plazo,,2
2690000000,Desembolsos pendientes sobre participaciones en el patrimonio neto a largo plazo,,2
270,Fianzas constituidas a largo plazo,,2
2700000000,Fianzas constituidas a largo plazo,,2
275,Dep?sitos constituidos a largo plazo,,2
2750000000,Dep?sitos constituidos a largo plazo,,2
280,Amortización acumulada del inmovilizado intangible,,
2800000000,Amortización acumulada de investigación,,
2801000000,Amortización acumulada de desarrollo,,
2802000000,Amortización acumulada de concesiones administrativas,,
2803000000,Amortización acumulada de propiedad industrial,,
2805000000,Amortización acumulada de derechos de traspaso,,
2806000000,Amortización acumulada de aplicaciones informáticas,,
2807000000,Amortizaci?n acumulada de derechos sobre activos cedidos en uso,,2
281,Amortización acumulada del inmovilizado material,,
2811000000,Amortización acumulada de construcciones,,
2812000000,Amortización acumulada de instalaciones técnicas,,
2813000000,Amortización acumulada de maquinaria,,
2814000000,Amortización acumulada de utillaje,,
2815000000,Amortización acumulada de otras instalaciones,,
2816000000,Amortización acumulada de mobiliario,,
2817000000,Amortización acumulada de equipos para procesos de información,,
2818000000,Amortización acumulada de elementos de transporte,,
2819000000,Amortización acumulada de otro inmovilizado material,,
282,Amortización acumulada de las inversiones inmobiliarias,,
2820000000,Amortizaci?n acumulada de las inversiones inmobiliarias,,2
283,Cesiones de uso sin contraprestaci?n,,2
2830000000,Cesiones de uso del inmovilizado intangible,,2
2831000000,Cesiones de uso del inmovilizado material,,2
2832000000,Cesiones de uso de las inversiones inmobiliarias,,2
290,Deterioro de valor del inmovilizado intangible,,
2900000000,Deterioro de valor de investigación,,
2901000000,Deterioro del valor de desarrollo,,
2902000000,Deterioro de valor de concesiones administrativas,,
2903000000,Deterioro de valor de propiedad industrial,,
2905000000,Deterioro de valor de derechos de traspaso,,
2906000000,Deterioro de valor de aplicaciones informáticas,,
2907000000,Deterioro de valor de derechos sobre activos cedidos en uso,,2
291,Deterioro de valor del inmovilizado material,,
2910000000,Deterioro de valor de terrenos y bienes naturales,,
2911000000,Deterioro de valor de construcciones,,
2912000000,Deterioro de valor de instalaciones técnicas,,
2913000000,Deterioro de valor de maquinaria,,
2914000000,Deterioro de valor de utillaje,,
2915000000,Deterioro de valor de otras instalaciones,,
2916000000,Deterioro de valor de mobiliario,,
2917000000,Deterioro de valor de equipos para procesos de información,,
2918000000,Deterioro de valor de elementos de transporte,,
2919000000,Deterioro de valor de otro inmovilizado material,,
292,Deterioro de valor de las inversiones inmobiliarias,,
2920000000,Deterioro de valor de los terrenos y bienes naturales,,
2921000000,Deterioro de valor de construcciones,,
293,Deterioro de valor de participaciones a largo plazo en partes vinculadas,,
2933000000,Deterioro de valor de participaciones a largo plazo en empresas del grupo,Deterioro de valor de participaciones a largo plazo en entidades del grupo,0
2934000000,Deterioro de valor de participaciones a largo plazo en empresas asociadas,Deterioro de valor de participaciones a largo plazo en entidades asociadas,0
2935000000,Deterioro de valor de participaciones a largo plazo en otras partes vinculadas,,2
294,Deterioro de valor de valores representativos de deuda a largo plazo de partes vinculadas,,
2943000000,Deterioro de valor de valores representativos de deuda a largo plazo de empresas del grupo,Deterioro de valor de valores representativos de deuda a largo plazo de entidades del grupo,0
2944000000,Deterioro de valor de valores representativos de deuda a largo plazo de empresas asociadas,Deterioro de valor de valores representativos de deuda a largo plazo de entidades asociadas,0
2945000000,Deterioro de valor de valores representativos de deuda a largo plazo de otras partes vinculadas,,
295,Deterioro de valor de créditos a largo plazo a partes vinculadas,,
2953000000,Deterioro de valor de créditos a largo plazo a empresas del grupo,Deterioro de valor de cr?ditos a largo plazo a entidades del grupo,0
2954000000,Deterioro de valor de créditos a largo plazo a empresas asociadas,Deterioro de valor de cr?ditos a largo plazo a entidades asociadas,0
2955000000,Deterioro de valor de créditos a largo plazo a otras partes vinculadas,,
296,Deterioro de valor de participaciones en el patrimonio neto a largo plazo,,2
2960000000,Deterioro de valor de participaciones en el patrimonio neto a largo plazo,,2
297,Deterioro de valor de valores representativos de deuda a largo plazo,,
2970000000,Deterioro de valor de valores representativos de deuda a largo plazo,,2
298,Deterioro de valor de créditos a largo plazo,,
2980000000,Deterioro de valor de cr?ditos a largo plazo,,2
299,Deterioro de valor de bienes del Patrimonio Hist?rico,,2
2990000000,Deterioro de valor de bienes inmuebles,,2
2991000000,Deterioro de valor de archivos,,2
2992000000,Deterioro de valor de bibliotecas,,2
2993000000,Deterioro de valor de museos,,2
2994000000,Deterioro de valor de bienes muebles,,2
300,Mercaderías A,,
3000000000,Mercader?as A,,2
301,Mercaderías B,,
3010000000,Mercader?as B,,2
302,Art?culos A,,2
3020000000,Art?culos A,,2
303,Art?culos B,,2
3030000000,Art?culos B,,2
310,Materias primas A,,
3100000000,Materias primas A,,2
311,Materias primas  B,,
3110000000,Materias primas  B,,2
320,Elementos y conjuntos incorporables,,
3200000000,Elementos y conjuntos incorporables,,2
321,Combustibles,,
3210000000,Combustibles,,2
322,Repuestos,,
3220000000,Repuestos,,2
325,Materiales diversos,,
3250000000,Materiales diversos,,2
326,Embalajes,,
3260000000,Embalajes,,2
327,Envases,,
3270000000,Envases,,2
328,Material de oficina,,
3280000000,Material de oficina,,2
330,Productos en curso A,,
3300000000,Productos en curso A,,2
331,Productos en curso B,,
3310000000,Productos en curso B,,2
340,Productos semiterminados A,,
3400000000,Productos semiterminados A,,2
341,Productos semiterminados B,,
3410000000,Productos semiterminados B,,2
350,Productos terminados A.,,
3500000000,Productos terminados A.,,2
351,Productos terminados B.,,
3510000000,Productos terminados B.,,2
360,Subproductos A.,,
3600000000,Subproductos A.,,2
361,Subproductos B.,,
3610000000,Subproductos B.,,2
365,Residuos A.,,
3650000000,Residuos A.,,2
366,Residuos B.,,
3660000000,Residuos B.,,2
368,Materiales recuperados A.,,
3680000000,Materiales recuperados A.,,2
369,Materiales recuperados B.,,
3690000000,Materiales recuperados B.,,2
390,Deterioro de valor de las mercaderías,Deterioro de valor de bienes destinados a la actividad,0
3900000000,Deterioro de valor de bienes destinados a la actividad,,2
391,Deterioro  de valor de las materias primas,,
3910000000,Deterioro  de valor de las materias primas,,2
392,Deterioro  de valor de otros aprovisionamientos,,
3920000000,Deterioro  de valor de otros aprovisionamientos,,2
393,Deterioro  de valor de los productos en curso,,
3930000000,Deterioro  de valor de los productos en curso,,2
394,Deterioro  de valor de los productos semiterminados,,
3940000000,Deterioro  de valor de los productos semiterminados,,2
395,Deterioro  de valor de los productos terminados,,
3950000000,Deterioro  de valor de los productos terminados,,2
396,"Deterioro  de valor de los subproductos, residuos y materiales recuperados",,
3960000000,"Deterioro  de valor de los subproductos, residuos y materiales recuperados",,2
400,Proveedores,,
4000000000,Proveedores (euros),,
4004000000,Proveedores (moneda extranjera),,
4009000000,"Proveedores, facturas pendientes de recibir o de formalizar","Proveedores, facturas pendientes de recibir o de formalizar.",0
401,"Proveedores, efectos comerciales a pagar",,1
4010000000,"Proveedores, efectos comerciales a pagar",,2
403,"Proveedores, empresas del grupo","Proveedores, entidades del grupo",0
4030000000,"Proveedores, empresas del grupo (euros)","Proveedores, entidades del grupo (euros)",0
4031000000,"Efectos comerciales a pagar, empresas del grupo","Efectos comerciales a pagar, entidades del grupo",0
4034000000,"Proveedores, empresas del grupo (moneda extranjera)","Proveedores, entidades del grupo (moneda extranjera)",0
4036000000,"Envases y embalajes a devolver a proveedores, empresas del grupo","Envases y embalajes a devolver a proveedores, entidades del grupo",0
4039000000,"Proveedores, empresas del grupo, facturas pendientes de recibir o de formalizar","Proveedores, entidades del grupo, facturas pendientes de recibir o de formalizar",0
404,"Proveedores, empresas asociadas","Proveedores, entidades asociadas",0
4040000000,"Proveedores, entidades asociadas",,2
405,"Proveedores, otras partes vinculadas",,
4050000000,"Proveedores, otras partes vinculadas",,2
406,Envases y embalajes a devolver a proveedores,,
4060000000,Envases y embalajes a devolver a proveedores,,2
407,Anticipos a proveedores,,
4070000000,Anticipos a proveedores,,2
410,Acreedores por prestación de servicios,,
4100000000,Acreedores por prestación de servicios (euros),,
4104000000,Acreedores por prestación de servicios (moneda extranjera),,
4109000000,"Acreedores por prestación de servicios, facturas pendientes de recibir o formalizar",,
411,"Acreedores, efectos comerciales a pagar",,
4110000000,"Acreedores, efectos comerciales a pagar",,2
412,"Beneficiarios, acreedores",,2
4120000000,"Beneficiarios, acreedores",,2
419,Acreedores por operaciones en común,,
4190000000,Acreedores por operaciones en com?n,,2
430,Clientes,,
4300000000,Clientes (euros),,
4304000000,Clientes (moneda extranjera),,
4309000000,"Clientes, facturas pendientes de formalizar",,
431,"Clientes, efectos comerciales a cobrar",,
4310000000,Efectos comerciales en cartera,,
4311000000,Efectos comerciales descontados,,
4312000000,Efectos comerciales en gestión de cobro,,
4315000000,Efectos comerciales impagados,,
432,"Clientes, operaciones de factoring""""","Clientes, operaciones de ""factoring""",0
4320000000,"Clientes, operaciones de ""factoring""",,2
433,"Clientes, empresas del grupo","Clientes, entidades del grupo",0
4330000000,"Clientes, empresas del grupo (euros)",Clientes entidades del grupo (euros),0
4331000000,"Clientes, efectos comerciales a cobrar, empresas del grupo","Efectos comerciales a cobrar, entidades del grupo",0
4332000000,"Clientes empresas del grupo, operaciones de factoring""""","Clientes entidades del grupo, operaciones de ""factoring""",0
4334000000,"Clientes empresas del grupo, (moneda extranjera)",Clientes entidades del grupo (moneda extranjera),0
4336000000,Clientes empresas del grupo de dudoso cobro,Clientes entidades del grupo de dudoso cobro,0
4337000000,"Envases y embalajes a devolver a clientes, empresas del grupo","Envases y embalajes a devolver a clientes, entidades del grupo",0
4339000000,"Clientes empresas del grupo, facturas pendientes de formalizar","Clientes entidades del grupo, facturas pendientes de formalizar",0
434,"Clientes, empresas asociadas","Clientes, entidades asociadas",0
4340000000,"Clientes, entidades asociadas",,2
435,"Clientes, otras partes vinculadas",,
4350000000,"Clientes, otras partes vinculadas",,2
436,Clientes de dudoso cobro,,
4360000000,Clientes de dudoso cobro,,2
437,Envases y embalajes a devolver por clientes,,
4370000000,Envases y embalajes a devolver por clientes,,2
438,Anticipos de clientes,,
4380000000,Anticipos de clientes,,2
440,Deudores,,
4400000000,Deudores (euros),,
4404000000,Deudores (moneda extranjera),,
4409000000,"Deudores, facturas pendientes de formalizar",,
441,"Deudores, efectos comerciales a cobrar",,
4410000000,"Deudores, efectos comerciales en cartera",,
4411000000,"Deudores, efectos comerciales descontados",,
4412000000,"Deudores, efectos comerciales en gestión de cobro",,
4415000000,"Deudores, efectos comerciales impagados",,
446,Deudores de dudoso cobro,,
4460000000,Deudores de dudoso cobro,,2
447,"Usuarios, deudores",,2
4470000000,"Usuarios, deudores",,2
448,"Patrocinadores, afiliados y otros deudores",,2
4480000000,Patrocinadores,,2
4482000000,Afiliados,,2
4489000000,Otros deudores,,2
449,Deudores por operaciones en común,,
4490000000,Deudores por operaciones en com?n,,2
460,Anticipos de remuneraciones,,
4600000000,Anticipos de remuneraciones,,2
464,Entregas para gastos a justificar,,2
4640000000,Entregas para gastos a justificar,,2
465,Remuneraciones pendientes de pago,,
4650000000,Remuneraciones pendientes de pago,,2
466,Remuneraciones mediante sistemas de aportación definida pendientes de pago,,1
470,"Hacienda Pública, deudora por diversos conceptos",,
4700000000,"Hacienda Pública, deudora por IVA",,
4707000000,"Hacienda P?blica, deudora por colaboraci?n en la entrega y distribuci?n de subvenciones",,2
4708000000,"Hacienda Pública, deudora por subvenciones concedidas",,
4709000000,"Hacienda Pública, deudora por devolución de impuestos",,
471,"Organismos de la Seguridad Social, deudores",,
4710000000,"Organismos de la Seguridad Social, deudores",,2
472,"Hacienda Pública, IVA soportado",,
4720000000,"Hacienda P?blica, IVA soportado",,2
4720000001,IVA SOPORTADO AL 16%,,1
4720000002,IVA SOPORTADO AL 7%,,1
4720000003,IVA SOPORTADO AL 4%,,1
4720000004,IVA SOPORTADO AL 16% CON RECARGO DEL 4%,,1
4720000005,IVA SOPORTADO AL 7% CON RECARGO DEL 1%,,1
4720000006,"IVA SOPORTADO AL 4% CON RECARGO DEL 0,5%",,1
4720000007,I.V.A. SOPORTADO 0,,1
4720000101,I.G.I.C. 13%,,1
4720000102,I.G.I.C. 5%,,1
4720000103,I.G.I.C. 2%,,1
473,"Hacienda Pública, retenciones y pagos a cuenta",,
4730000000,"Hacienda P?blica, retenciones y pagos a cuenta",,2
474,Activos por impuesto diferido,,
4740000000,Activos por diferencias temporarias  deducibles,,
4742000000,Derechos por deducciones y bonificaciones pendientes de aplicar,,
4745000000,Crédito por pérdidas a compensar del ejercicio,,
475,"Hacienda Pública, acreedora  por conceptos fiscales",,
4750000000,"Hacienda Pública, acreedora por IVA",,
4750000015,I.R.P.F. VENTAS AL 15,,1
4751000000,"Hacienda Pública, acreedora por retenciones practicadas",,
4752000000,"Hacienda Pública, acreedora por impuesto sobre sociedades",,
4757000000,"Hacienda P?blica, acreedora por subvenciones recibidas en concepto de entidad colaboradora",,2
4758000000,"Hacienda Pública, acreedora por subvenciones a reintegrar",,
476,"Organismos de la Seguridad Social, acreedores",,
4760000000,"Organismos de la Seguridad Social, acreedores",,2
477,"Hacienda Pública, IVA repercutido",,
4770000000,"Hacienda P?blica, IVA repercutido",,2
4770000001,IVA REPERCUTIDO AL 16%,,1
4770000002,IVA REPERCUTIDO AL 7%,,1
4770000003,IVA REPERCUTIDO AL 4%,,1
4770000004,IVA REPERCUTIDO AL 16% CON RECARGO DEL 4%,,1
4770000005,IVA REPERCUTIDO AL 7 % CON RECARGO DEL 1%,,1
4770000006,"IVA REPERCUTIDO AL 4% CON RECARGO DEL 0,5%",,1
4770000007,IVA REPERCUTIDO 0,,1
4770000101,I.G.I.C. 13%,,1
4770000102,I.G.I.C. 5%,,1
4770000103,I.G.I.C. 2%,,1
479,Pasivos por diferencias temporarias imponibles,,
4790000000,Pasivos por diferencias temporarias imponibles,,2
480,Gastos anticipados,,
4800000000,Gastos anticipados,,2
485,Ingresos anticipados,,
4850000000,Ingresos anticipados,,2
490,Deterioro de valor de créditos por operaciones comerciales,Deterioro de valor de cr?ditos por operaciones de la actividad,0
4900000000,Deterioro de valor de cr?ditos por operaciones de la actividad,,2
493,Deterioro de valor de créditos por operaciones comerciales con partes vinculadas,Deterioro de valor de cr?ditos por operaciones de la actividad con partes vinculadas,0
4930000000,Deterioro de valor de cr?ditos por operaciones de la actividad con partes vinculadas,,2
4933000000,Deterioro de valor de créditos por operaciones comerciales con empresas del grupo,Deterioro de valor de cr?ditos por operaciones de la actividad con entidades del grupo,0
4934000000,Deterioro de valor de créditos por operaciones comerciales con empresas asociadas,Deterioro de valor de cr?ditos por operaciones de la actividad con entidades asociadas,0
4935000000,Deterioro de valor de créditos por operaciones comerciales con otras partes vinculadas,Deterioro de valor de cr?ditos por operaciones de la actividad con otras partes vinculadas,0
495,"Deterioro de valor de cr?ditos de usuarios, patrocinadores, afiliados y otros deudores",,2
4950000000,"Deterioro de valor de cr?ditos de usuarios, patrocinadores, afiliados y otros deudores",,2
499,Provisión para operaciones comerciales,Provisiones por operaciones de la actividad,0
4990000000,Provisiones por operaciones de la actividad,,2
4994000000,Provisión por contratos onerosos,,
4999000000,Provisión para otras operaciones comerciales,Provisi?n para otras operaciones de la actividad,0
500,Obligaciones y bonos a corto plazo,,
5000000000,Obligaciones y bonos a corto plazo,,2
501,Obligaciones y bonos convertibles a corto plazo,,1
502,Acciones o participaciones a corto plazo consideradas como pasivos financieros,,1
505,Deudas representadas en otros valores negociables a corto plazo,,
5050000000,Deudas representadas en otros valores negociables a corto plazo,,2
506,Intereses a corto plazo de empréstitos y otras emisiones análogas,,
5060000000,Intereses a corto plazo de empr?stitos y otras emisiones an?logas,,2
507,Dividendos de acciones o participaciones consideradas como pasivos financieros,,1
509,Valores negociables amortizados,,
5090000000,Obligaciones y bonos amortizados,,
5091000000,Obligaciones y bonos convertibles amortizados,,1
5095000000,Otros valores negociables amortizados,,
510,Deudas a corto plazo con entidades de crédito vinculadas,,
5103000000,"Deudas a corto plazo con entidades de crédito, empresas del grupo","Deudas a corto plazo con entidades de cr?dito, entidades del grupo",0
5104000000,"Deudas a corto plazo con entidades de crédito, empresas asociadas","Deudas a corto plazo con entidades de cr?dito, entidades asociadas",0
5105000000,Deudas a corto plazo con otras entidades de crédito vinculadas,,
511,"Proveedores de inmovilizado a corto plazo, partes vinculadas",,
5113000000,"Proveedores de inmovilizado a corto plazo, empresas del grupo","Proveedores de inmovilizado a corto plazo, entidades del grupo",0
5114000000,"Proveedores de inmovilizado a corto plazo, empresas asociadas","Proveedores de inmovilizado a corto plazo, entidades asociadas",0
5115000000,"Proveedores de inmovilizado a corto plazo, otras partes vinculadas",,
512,"Acreedores por arrendamiento financiero a corto plazo, partes vinculadas",,
5123000000,"Acreedores por arrendamiento financiero a corto plazo, empresas del grupo","Acreedores por arrendamiento financiero a corto plazo, entidades del grupo",0
5124000000,"Acreedores por arrendamiento financiero a corto plazo, empresas asociadas","Acreedores por arrendamiento financiero a corto plazo, entidades asociadas",0
5125000000,"Acreedores por arrendamiento financiero a corto plazo, otras partes vinculadas",,
513,Otras deudas a corto plazo con partes vinculadas,,
5133000000,Otras deudas a corto plazo con empresas del grupo,Otras deudas a corto plazo con entidades del grupo,0
5134000000,Otras deudas a corto plazo con empresas asociadas,Otras deudas a corto plazo con entidades asociadas,0
5135000000,Otras deudas a corto plazo con otras partes vinculadas,,
514,Intereses a corto plazo de deudas con partes vinculadas,,
5143000000,"Intereses a corto plazo de deudas, empresas del grupo","Intereses a corto plazo de deudas, entidades del grupo",0
5144000000,"Intereses a corto plazo de deudas, empresas asociadas","Intereses a corto plazo de deudas, entidades asociadas",0
5145000000,"Intereses a corto plazo de deudas, otras partes vinculadas",,
520,Deudas a corto plazo con entidades de crédito,,
5200000000,Préstamos a corto plazo de entidades de crédito,,
5201000000,Deudas a corto plazo por crédito dispuesto,,
5208000000,Deudas por efectos descontados,,
5209000000,"Deudas por operaciones de factoring""""","Deudas por operaciones de ""factoring""",0
521,Deudas a corto plazo,,
5210000000,Deudas a corto plazo,,2
522,"Deudas a corto plazo transformables en subvenciones, donaciones y legados",,
5220000000,"Deudas a corto plazo transformables en subvenciones, donaciones y legados",,2
523,Proveedores de inmovilizado a corto plazo,,
5230000000,Proveedores de inmovilizado a corto plazo,,2
524,Acreedores por arrendamiento financiero a corto plazo,,
5240000000,Acreedores por arrendamiento financiero a corto plazo,,2
525,Efectos a pagar a corto plazo,,
5250000000,Efectos a pagar a corto plazo,,2
526,Dividendo activo a pagar,,1
527,Intereses a corto plazo de deudas con entidades de crédito,,
5270000000,Intereses a corto plazo de deudas con entidades de cr?dito,,2
528,Intereses a corto plazo de deudas,,
5280000000,Intereses a corto plazo de deudas,,2
529,Provisiones a corto plazo,,
5290000000,Provisión a corto plazo por retribuciones al personal,,1
5291000000,Provisión a corto plazo para impuestos,,
5292000000,Provisión a corto plazo para otras responsabilidades,,
5293000000,"Provisión a corto plazo por desmantelamiento, retiro o rehabilitación del inmovilizado",,
5295000000,Provisión a corto plazo para actuaciones medioambientales,,
5296000000,Provisión a corto plazo para reestructuraciones,,1
5297000000,Provisión a corto plazo por transacciones con pagos basados en instrumentos de patrimonio,,1
530,Participaciones a corto plazo en  partes vinculadas,,
5303000000,"Participaciones a corto plazo, en empresas del grupo",Participaciones a corto plazo en entidades del grupo,0
5304000000,"Participaciones a corto plazo, en empresas asociadas",Participaciones a corto plazo en entidades asociadas,0
5305000000,"Participaciones a corto plazo, en otras partes vinculadas",Participaciones a corto plazo en otras partes vinculadas,0
531,Valores representativos de deuda a corto plazo de partes vinculadas,,
5313000000,Valores representativos de deuda a corto plazo de empresas del grupo,Valores representativos de deuda a corto plazo de entidades del grupo,0
5314000000,Valores representativos de deuda a corto plazo de empresas asociadas,Valores representativos de deuda a corto plazo de entidades asociadas,0
5315000000,Valores representativos de deuda a corto plazo de otras partes vinculadas,,
532,Créditos a corto plazo a partes vinculadas,,
5323000000,Créditos a corto plazo a empresas del grupo,Cr?ditos a corto plazo a entidades del grupo,0
5324000000,Créditos a corto plazo a empresas asociadas,Cr?ditos a corto plazo a entidades asociadas,0
5325000000,Créditos a corto plazo a otras partes vinculadas,,
533,Intereses a corto plazo de valores representativos de deuda de partes vinculadas,,
5333000000,Intereses  a corto plazo de valores representativos de deuda de empresas del grupo,Intereses a corto plazo de valores representativos de deuda de entidades del grupo,0
5334000000,Intereses  a corto plazo de valores representativos de deuda de empresas asociadas,Intereses a corto plazo de valores representativos de deuda de entidades asociadas,0
5335000000,Intereses  a corto plazo de valores representativos de deuda de otras partes vinculadas,,
534,Intereses  a corto plazo de créditos a partes vinculadas,,
5343000000,Intereses  a corto plazo de créditos a empresas del grupo,Intereses a corto plazo de cr?ditos a entidades del grupo,0
5344000000,Intereses  a corto plazo de créditos a empresas asociadas,Intereses a corto plazo de cr?ditos a entidades asociadas,0
5345000000,Intereses  a corto plazo de créditos a otras partes vinculadas,,
535,Dividendo a cobrar de inversiones financieras en partes vinculadas,,
5353000000,Dividendo a cobrar de empresas de grupo,Dividendo a cobrar de entidades de grupo,0
5354000000,Dividendo a cobrar de empresas asociadas,Dividendo a cobrar de entidades asociadas,0
5355000000,Dividendo a cobrar de otras partes vinculadas,,
539,Desembolsos pendientes sobre participaciones a corto plazo en partes vinculadas,Desembolsos pendientes sobre participaciones  a corto plazo en partes vinculadas,0
5393000000,Desembolsos pendientes sobre participaciones a corto plazo en empresas del grupo,Desembolsos pendientes sobre participaciones a corto plazo en entidades del grupo,0
5394000000,Desembolsos pendientes sobre participaciones a corto plazo en empresas asociadas,Desembolsos pendientes sobre participaciones a corto plazo en entidades asociadas,0
5395000000,Desembolsos pendientes sobre participaciones a corto plazo en otras partes vinculadas,Desembolsos pendientes sobre participaciones  a corto plazo en otras partes vinculadas,0
540,Inversiones financieras a corto plazo en instrumentos de patrimonio,,
5400000000,Inversiones financieras a corto plazo en instrumentos de patrimonio,,2
541,Valores representativos de deuda a corto plazo,,
5410000000,Valores representativos de deuda a corto plazo,,2
542,Créditos a corto plazo,,
5420000000,Cr?ditos a corto plazo,,2
543,Créditos a corto plazo por enajenación de inmovilizado,,
5430000000,Cr?ditos a corto plazo por enajenaci?n de inmovilizado,,2
544,Créditos a corto plazo al personal,,
5440000000,Cr?ditos a corto plazo al personal,,2
545,Dividendo a cobrar,,
5450000000,Dividendo a cobrar,,2
546,Intereses a corto plazo de valores representativos de deudas,,
5460000000,Intereses a corto plazo de valores representativos de deudas,,2
547,Intereses a corto plazo de créditos,,
5470000000,Intereses a corto plazo de cr?ditos,,2
548,Imposiciones a corto plazo,,
5480000000,Imposiciones a corto plazo,,2
549,Desembolsos pendientes sobre participaciones en el patrimonio neto a corto plazo,,
5490000000,Desembolsos pendientes sobre participaciones en el patrimonio neto a corto plazo,,2
550,Titular de la explotación,,1
551,Cuenta corriente con socios y administradores,Cuenta corriente con patronos y otros,0
5510000000,Cuenta corriente con patronos y otros,,2
552,Cuenta corriente con otras personas y entidades vinculadas,,
5523000000,Cuenta corriente con empresas del grupo,Cuenta corriente con entidades del grupo,0
5524000000,Cuenta corriente con empresas asociadas,Cuenta corriente con entidades asociadas,0
5525000000,Cuenta corriente con otras partes vinculadas,,
553,Cuentas corrientes en fusiones y escisiones,,1
5530000000,Socios de sociedad disuelta,,1
5531000000,"Socios, cuenta de fusión",,1
5532000000,Socios de sociedad escindida,,1
5533000000,"Socios, cuenta de escisión",,1
554,Cuenta corriente con uniones temporales de empresas y comunidades de bienes,,
5540000000,Cuenta corriente con uniones temporales de empresas y comunidades de bienes,,2
555,Partidas pendientes de aplicación,,
5550000000,Partidas pendientes de aplicaci?n,,2
556,Desembolsos exigidos sobre participaciones en el patrimonio neto,,
5563000000,"Desembolsos exigidos sobre participaciones, empresas del grupo","Desembolsos exigidos sobre participaciones, entidades del grupo",0
5564000000,"Desembolsos exigidos sobre participaciones, empresas asociadas","Desembolsos exigidos sobre participaciones, entidades asociadas",0
5565000000,"Desembolsos exigidos sobre participaciones, otras partes vinculadas",,
5566000000,Desembolsos exigidos sobre participaciones de otras empresas,Desembolsos exigidos sobre participaciones de otras entidades,0
557,Dividendo activo a cuenta,,1
558,Socios por desembolsos exigidos,Fundadores y asociados por desembolsos,0
5580000000,Socios por desembolsos exigidos sobre acciones o participaciones ordinarias,Fundadores y asociados por desembolsos,0
5585000000,Socios por desembolsos exigidos sobre acciones o participaciones consideradas como pasivos financieros,,1
559,Derivados financieros a corto plazo,,
5590000000,"Activos por derivados financieros a corto plazo, cartera de negociación",Activos por derivados financieros a corto plazo,0
5593000000,"Activos por derivados financieros a corto plazo, instrumentos de cobertura",,1
5595000000,"Pasivos por derivados financieros a corto plazo, cartera de negociación",Pasivos por derivados financieros a corto plazo,0
5598000000,"Pasivos por derivados financieros a corto plazo, instrumentos de cobertura",,1
560,Fianzas recibidas a corto plazo,,
5600000000,Fianzas recibidas a corto plazo,,2
561,Depósitos recibidos a corto plazo,,
5610000000,PROVISIONES/SUPLIDOS,,
565,Fianzas constituidas a corto plazo,,
5650000000,Fianzas constituidas a corto plazo,,2
566,Depósitos constituidos a corto plazo,,
5660000000,Dep?sitos constituidos a corto plazo,,2
567,Intereses pagados por anticipado,,
5670000000,Intereses pagados por anticipado,,2
568,Intereses cobrados por anticipado,,
5680000000,Intereses cobrados por anticipado,,2
569,Garantías financieras a corto plazo,,1
570,"Caja,euros",,
5700000000,CAJA,"Caja, euros",0
571,"Caja, moneda extranjera",,
5710000000,"Caja, moneda extranjera",,2
572,"Bancos e instituciones de crédito c/c vista, euros",,
5720000000,"Bancos e instituciones de cr?dito c/c vista, euros",,2
573,"Bancos e instituciones de crédito c/c vista, moneda extranjera",,
5730000000,"Bancos e instituciones de cr?dito c/c vista, moneda extranjera",,2
574,"Bancos e instituciones de crédito, cuentas de ahorro, euros",,
5740000000,"Bancos e instituciones de cr?dito, cuentas de ahorro, euros",,2
575,"Bancos e instituciones de crédito, cuentas de ahorro, moneda extranjera",,
5750000000,"Bancos e instituciones de cr?dito, cuentas de ahorro, moneda extranjera",,2
576,Inversiones a corto plazo de gran liquidez,,
5760000000,Inversiones a corto plazo de gran liquidez,,2
580,Inmovilizado,,1
581,Inversiones con personas y entidades vinculadas,,1
582,Inversiones financieras,,1
583,"Existencias, deudores comerciales y otras cuentas a cobrar",,1
584,Otros activos,,1
585,Provisiones,,1
586,Deudas con características especiales,,1
587,Deudas con personas y entidades vinculadas,,1
588,Acreedores comerciales y otras cuentas a pagar,,1
589,Otros pasivos,,1
593,Deterioro de valor de participaciones a corto plazo en partes vinculadas,,
5933000000,Deterioro de valor de participaciones a corto plazo en empresas del grupo,Deterioro de valor de participaciones a corto plazo en entidades del grupo,0
5934000000,Deterioro de valor de participaciones a corto plazo en empresas asociadas,Deterioro de valor de participaciones a corto plazo en entidades asociadas,0
5935000000,Deterioro de valor de participaciones a corto plazo en otras partes vinculadas,,2
594,Deterioro de valor de valores representativos de deuda a corto plazo de partes vinculadas,,
5943000000,Deterioro de valor de valores representativos de deuda a corto plazo de empresas del grupo,Deterioro de valor de valores representativos de deuda a corto plazo de entidades del grupo,0
5944000000,Deterioro de valor de valores representativos de deuda a corto plazo de empresas asociadas,Deterioro de valor de valores representativos de deuda a corto plazo de entidades asociadas,0
5945000000,Deterioro de valor de valores representativos de deuda a corto plazo de otras partes vinculadas,,
595,Deterioro de valor de créditos a corto plazo a partes vinculadas,,
5953000000,Deterioro de valor de créditos a corto plazo a empresas del grupo,Deterioro de valor de cr?ditos a corto plazo a entidades del grupo,0
5954000000,Deterioro de valor de créditos a corto plazo a empresas asociadas,Deterioro de valor de cr?ditos a corto plazo a entidades asociadas,0
5955000000,Deterioro de valor de créditos a corto plazo a otras partes vinculadas,,
596,Deterioro de valor de participaciones a corto plazo,,2
5960000000,Deterioro de valor de participaciones a corto plazo,,2
597,Deterioro de valor de valores representativos de deuda a corto plazo,,
5970000000,Deterioro de valor de valores representativos de deuda a corto plazo,,2
598,Deterioro de valor de créditos a corto plazo,,
5980000000,Deterioro de valor de cr?ditos a corto plazo,,2
599,Deterioro de valor de activos no corrientes mantenidos para la venta,,1
5990000000,Deterioro de valor de inmovilizado no corriente mantenido para la venta,,1
5991000000,Deterioro de valor de inversiones con personas y entidades vinculadas no corrientes mantenidas para la venta,,1
5992000000,Deterioro de valor de inversiones financieras no corrientes mantenidas para la venta,,1
5993000000,"Deterioro de valor de existencias, deudores comerciales y otras cuentas a cobrar integrados en un grupo enajenable mantenido para la venta",,1
5994000000,Deterioro de valor de otros activos mantenidos para la venta,,1
600,Compras de mercaderías,Compras de bienes destinados a la actividad,0
6000000000,Compras de bienes destinados a la actividad,,2
601,Compras de materias primas,,
6010000000,Compras de materias primas,,2
602,Compras  de otros aprovisionamientos,,
6020000000,Compras  de otros aprovisionamientos,,2
606,Descuentos sobre compras por pronto pago,,
6060000000,Descuentos sobre compras por pronto pago de mercaderías,Descuentos sobre compras por pronto pago de bienes destinados a la actividad,0
6061000000,Descuentos sobre compras por pronto pago de materias primas,,
6062000000,Descuentos sobre compras por pronto pago de otros aprovisionamientos,,
607,Trabajos realizados por otras empresas,Trabajos realizados por otras entidades,0
6070000000,Trabajos realizados por otras entidades,,2
608,Devoluciones de compras y operaciones similares,,
6080000000,Devoluciones de compras de mercaderías,Devoluciones de compras de bienes destinados a la actividad,0
6081000000,Devoluciones de compras de materias primas,,
6082000000,Devoluciones de compras de otros aprovisionamientos,,
609,Rappels por compras,"""Rappels""  por  compras",0
6090000000,Rappels por compras de mercaderías,"""Rappels"" por compras de bienes destinados a la actividad",0
6091000000,Rappels por compras de materias primas,"""Rappels"" por compras de materias primas",0
6092000000,Rappels por compras de otros aprovisionamientos,"""Rappels"" por compras de otros aprovisionamientos",0
610,Variación de existencias de mercaderías,Variaci?n de existencias de bienes destinados a la actividad,0
6100000000,Variaci?n de existencias de bienes destinados a la actividad,,2
611,Variación de existencias de materias primas,,
6110000000,Variaci?n de existencias de materias primas,,2
612,Variación de existencias de otros aprovisionamientos,,
6120000000,Variaci?n de existencias de otros aprovisionamientos,,2
620,Gastos en investigación y desarrollo del ejercicio,,
6200000000,Gastos en investigaci?n y desarrollo del ejercicio,,2
621,Arrendamientos y cánones,,
6210000000,Arrendamientos y c?nones,,2
622,Reparaciones y conservación,,
6220000000,Reparaciones y conservaci?n,,2
623,Servicios de profesionales independientes,,
6230000000,Servicios de profesionales independientes,,2
624,Transportes,,
6240000000,Transportes,,2
625,Primas de seguros,,
6250000000,Primas de seguros,,2
626,Servicios bancarios y similares,,
6260000000,Servicios bancarios y similares,,2
627,"Publicidad, propaganda y relaciones públicas",,
6270000000,"Publicidad, propaganda y relaciones p?blicas",,2
628,Suministros,,
6280000000,Suministros,,2
629,Otros servicios,,
6290000000,Otros servicios,,2
630,Impuesto sobre beneficios,,
6300000000,Impuesto corriente,,
6301000000,Impuesto diferido,,
631,Otros tributos,,
6310000000,Otros tributos,,2
633,Ajustes negativos en la imposición sobre beneficios,,
6330000000,Ajustes negativos en la imposici?n sobre beneficios,,2
634,Ajustes negativos en la imposición indirecta,,
6341000000,Ajustes negativos en IVA de activo corriente,,
6342000000,Ajustes negativos en IVA de inversiones,,
636,Devolución de impuestos,,
6360000000,Devoluci?n de impuestos,,2
638,Ajustes positivos en la imposición sobre beneficios,,
6380000000,Ajustes positivos en la imposici?n sobre beneficios,,2
639,Ajustes positivos en la imposición indirecta,,
6391000000,Ajustes positivos en IVA de activo corriente,,
6392000000,Ajustes positivos en IVA de inversiones,,
640,Sueldos y salarios,,
6400000000,Sueldos y salarios,,2
641,Indemnizaciones,,
6410000000,Indemnizaciones,,2
642,Seguridad social a cargo de la empresa,Seguridad Social a cargo de la entidad,0
6420000000,Seguridad Social a cargo de la entidad,,2
643,Retribuciones a largo plazo mediante sistemas de aportación definida,,1
644,Retribuciones a largo plazo mediante sistemas de prestación definida,,1
6440000000,Contribuciones anuales,,1
6442000000,Otros costes,,1
645,Retribuciones al personal mediante instrumentos de patrimonio,,1
6450000000,Retribuciones al personal liquidados con instrumentos de patrimonio,,1
6457000000,Retribuciones al personal liquidados en efectivo basado en instrumentos de patrimonio,,1
649,Otros gastos sociales,,
6490000000,Otros gastos sociales,,2
650,Pérdidas de créditos comerciales incobrables,Ayudas monetarias,0
6501000000,Ayudas monetarias individuales,,2
6502000000,Ayudas monetarias a entidades,,2
6503000000,Ayudas monetarias realizadas a trav?s de otras entidades o centros,,2
6504000000,Ayudas monetarias de cooperaci?n internacional,,2
651,Resultados de operaciones en común,Ayudas no monetarias,0
6510000000,Beneficio transferido (gestor),,1
6511000000,Pérdida soportada  (partícipe o asociado no gestor),Ayudas no monetarias individuales,0
6512000000,Ayudas no monetarias a entidades,,2
6513000000,Ayudas no monetarias realizadas a trav?s de otras entidades o centros,,2
6514000000,Ayudas no monetarias de cooperaci?n internacional,,2
653,Compensaci?n de gastos por prestaciones de colaboraci?n,,2
6530000000,Compensaci?n de gastos por prestaciones de colaboraci?n,,2
654,Reembolsos de gastos al ?rgano de gobierno,,2
6540000000,Reembolsos de gastos al ?rgano de gobierno,,2
655,P?rdidas de cr?ditos incobrables derivados de la actividad,,2
6550000000,P?rdidas de cr?ditos incobrables derivados de la actividad,,2
656,Resultados de operaciones en com?n,,2
6560000000,Beneficio transferido (gestor),,2
6561000000,P?rdida soportada (part?cipe o asociado no gestor),,2
658,"Reintegro de subvenciones, donaciones y legados recibidos, afectos a la actividad propia de la entidad",,2
6580000000,"Reintegro de subvenciones, donaciones y legados recibidos, afectos a la actividad propia de la entidad",,2
659,Otras pérdidas en gestión corriente,,
6590000000,Otras p?rdidas en gesti?n corriente,,2
660,Gastos financieros por actualización de provisiones,,
6600000000,Gastos financieros por actualizaci?n de provisiones,,2
661,Intereses de obligaciones y bonos,,
6610000000,"Intereses de obligaciones y bonos a largo plazo, empresas del grupo","Intereses de obligaciones y bonos a largo plazo, entidades del grupo",0
6611000000,"Intereses de obligaciones y bonos a largo plazo, empresas asociadas","Intereses de obligaciones y bonos a largo plazo, entidades asociadas",0
6612000000,"Intereses de obligaciones y bonos a largo plazo, otras partes vinculadas",,
6613000000,"Intereses de obligaciones y bonos a largo plazo, otras empresas","Intereses de obligaciones y bonos a largo plazo, otras entidades",0
6615000000,"Intereses de obligaciones y bonos a corto plazo, empresas del grupo","Intereses de obligaciones y bonos a corto plazo, entidades del grupo",0
6616000000,"Intereses de obligaciones y bonos a corto plazo, empresas asociadas","Intereses de obligaciones y bonos a corto plazo, entidades asociadas",0
6617000000,"Intereses de obligaciones y bonos a corto plazo, otras partes vinculadas","Intereses de obligaciones y bonos a corto plazo,  otras partes vinculadas",0
6618000000,"Intereses de obligaciones y bonos a corto plazo, otras empresas","Intereses de obligaciones y bonos a corto plazo, otras entidades",0
662,Intereses de deudas,,
6620000000,"Intereses de deudas, empresas del grupo","Intereses de deudas, entidades del grupo",0
6621000000,"Intereses de deudas, empresas asociadas","Intereses de deudas, entidades asociadas",0
6622000000,"Intereses de deudas, otras partes vinculadas",,
6623000000,Intereses de deudas con entidades de crédito,,
6624000000,"Intereses de deudas, otras empresas","Intereses de deudas, otras entidades",0
663,Pérdidas por valoración de instrumentos financieros por su valor razonable,,
6630000000,Pérdidas de cartera de negociación,P?rdidas por valoraci?n de activos y pasivos financieros por su valor razonable,0
6631000000,Pérdidas de designados por la empresa,,1
6632000000,Pérdidas de disponibles para la venta,,1
6633000000,Pérdidas de instrumentos de cobertura,,1
664,Dividendos de acciones o participaciones consideradas como pasivos financieros,,1
6640000000,"Dividendos de pasivos, empresas del grupo",,1
6641000000,"Dividendos de pasivos, empresas asociadas",,1
6642000000,"Dividendos de pasivos, otras partes vinculadas",,1
6643000000,"Dividendos de pasivos, otras empresas",,1
665,Intereses por descuento de efectos y operaciones de factoring,"Intereses por descuento de efectos y operaciones de ""factoring""",0
6650000000,Intereses por descuento de efectos en entidades de crédito del grupo,,
6651000000,Intereses por descuento de efectos en entidades de crédito asociadas,,
6652000000,Intereses por descuento de efectos en otras entidades de crédito vinculadas,,
6653000000,Intereses por descuento de efectos en otras entidades de crédito,,
6654000000,Intereses por operaciones de factoring con entidades de crédito del grupo,"Intereses por operaciones de ""factoring"" con entidades de cr?dito del grupo",0
6655000000,Intereses por operaciones de factoring con entidades de crédito asociadas,"Intereses por operaciones de ""factoring"" con entidades de cr?dito asociadas",0
6656000000,Intereses por operaciones de factoring con otras entidades de crédito vinculadas,"Intereses por operaciones de ""factoring"" con otras entidades de cr?dito vinculadas",0
6657000000,Intereses por operaciones de factoring con otras entidades de crédito,"Intereses por operaciones de ""factoring"" con otras entidades de cr?dito",0
666,Pérdidas en participaciones y valores representativos de deuda,P?rdidas en participaciones y  valores representativos de deuda,0
6660000000,"Pérdidas en participaciones y valores representativos de deuda a largo plazo, empresas del grupo","P?rdidas en valores representativos de deuda a largo plazo, entidades del grupo",0
6661000000,"Pérdidas en participaciones y valores representativos de deuda a largo plazo, empresas asociadas.","P?rdidas en valores representativos de deuda a largo plazo, entidades asociadas",0
6662000000,"Pérdidas en participaciones y valores representativos de deuda a largo plazo, otras partes vinculadas",,
6663000000,"Pérdidas en participaciones y valores representativos de deuda a largo plazo, otras empresas","P?rdidas en participaciones y valores representativos de deuda a largo plazo, otras entidades",0
6665000000,"Pérdidas en participaciones y valores representativos de deuda a corto plazo, empresas del grupo","P?rdidas en participaciones y valores representativos de deuda a corto plazo, entidades del grupo",0
6666000000,"Pérdidas en participaciones y valores representativos de deuda a corto plazo, empresas asociadas","P?rdidas en participaciones y valores representativos de deuda a corto plazo, entidades asociadas",0
6667000000,"Pérdidas en participaciones y valores representativos de deuda a corto plazo, otras partes vinculadas","P?rdidas en valores representativos de deuda a corto plazo, otras partes vinculadas",0
6668000000,"Pérdidas en participaciones y valores representativos de deuda a corto plazo, otras empresas","P?rdidas en valores representativos de deuda a corto plazo, otras entidades",0
667,Pérdidas de créditos no comerciales,P?rdidas de cr?ditos,0
6670000000,"Pérdidas de créditos a largo plazo, empresas del grupo","P?rdidas de cr?ditos a largo plazo, entidades del grupo",0
6671000000,"Pérdidas de créditos a largo plazo, empresas asociadas","P?rdidas de cr?ditos a largo plazo, entidades asociadas",0
6672000000,"Pérdidas de créditos a largo plazo, otras  partes vinculadas",,
6673000000,"Pérdidas de créditos a largo plazo, otras empresas","P?rdidas de cr?ditos a largo plazo, otras entidades",0
6675000000,"Pérdidas de créditos a corto plazo, empresas del grupo","P?rdidas de cr?ditos a corto plazo, entidades del grupo",0
6676000000,"Pérdidas de créditos a corto plazo, empresas asociadas","P?rdidas de cr?ditos a corto plazo, entidades asociadas",0
6677000000,"Pérdidas de créditos a corto plazo, otras partes vinculadas",,
6678000000,"Pérdidas de créditos a corto plazo, otras empresas","P?rdidas de cr?ditos a corto plazo,  otras entidades",0
668,Diferencias negativas de cambio,,
6680000000,Diferencias negativas de cambio,,2
669,Otros gastos financieros,,
6690000000,Otros gastos financieros,,2
670,Pérdidas procedentes del inmovilizado intangible,,
6700000000,P?rdidas procedentes del inmovilizado intangible,,2
671,Pérdidas procedentes del inmovilizado material,P?rdidas procedentes del inmovilizado material y de bienes del Patrimonio Hist?rico,0
6710000000,P?rdidas procedentes del inmovilizado material y de bienes del Patrimonio Hist?rico,,2
672,Pérdidas procedentes de las inversiones inmobiliarias,,
6720000000,P?rdidas procedentes de las inversiones inmobiliarias,,2
673,Pérdidas procedentes de participaciones a largo plazo en partes vinculadas,,
6733000000,"Pérdidas procedentes de participaciones a largo plazo, empresas del grupo","P?rdidas procedentes de participaciones a largo plazo, entidades del grupo",0
6734000000,"Pérdidas procedentes de participaciones a largo plazo, empresas asociadas","P?rdidas procedentes de participaciones a largo plazo, entidades asociadas",0
6735000000,"Pérdidas procedentes de participaciones a largo plazo, otras partes vinculadas",,
675,Pérdidas por operaciones con obligaciones propias,,
6750000000,P?rdidas por operaciones con obligaciones propias,,2
678,Gastos excepcionales,,
6780000000,Gastos excepcionales,,2
680,Amortización del inmovilizado intangible,,
6800000000,Amortizaci?n del inmovilizado intangible,,2
681,Amortización del inmovilizado material,,
6810000000,Amortizaci?n del inmovilizado material,,2
682,Amortización de las inversiones inmobiliarias,,
6820000000,Amortizaci?n de las inversiones inmobiliarias,,2
690,Pérdidas por deterioro del inmovilizado intangible,,
6900000000,P?rdidas por deterioro del inmovilizado intangible,,2
691,Pérdidas por deterioro del inmovilizado material,P?rdidas por deterioro del inmovilizado material y de bienes del Patrimonio Hist?rico,0
6910000000,P?rdidas por deterioro del inmovilizado material,,2
6911000000,P?rdidas por deterioro de bienes del Patrimonio Hist?rico,,2
692,Pérdidas por deterioro de las inversiones inmobiliarias,,
6920000000,P?rdidas por deterioro de las inversiones inmobiliarias,,2
693,Pérdidas por deterioro de existencias,,
6930000000,Pérdidas por deterioro de productos terminados y en curso de fabricación,,
6931000000,Pérdidas por deterioro de mercaderías,P?rdidas por deterioro de bienes destinados a la actividad,0
6932000000,Pérdidas por deterioro de materias primas,,
6933000000,Pérdidas por deterioro de otros aprovisionamientos,,
694,Pérdidas por deterioro de créditos por operaciones comerciales,P?rdidas por deterioro de cr?ditos por operaciones de la actividad,0
6940000000,P?rdidas por deterioro de cr?ditos por operaciones de la actividad,,2
695,Dotación a la provisión por operaciones comerciales,Dotaci?n a la provisi?n por operaciones de la actividad,0
6954000000,Dotación a la provisión por contratos onerosos,,
6959000000,Dotación a la provisión para otras operaciones comerciales,Dotaci?n a la provisi?n para otras operaciones de la actividad,0
696,Pérdidas por deterioro de participaciones y valores representativos de deuda a largo plazo,,
6960000000,"Pérdidas por deterioro de participaciones en instrumentos de patrimonio neto a largo plazo, empresas del grupo","P?rdidas por deterioro de participaciones en instrumentos de patrimonio neto a largo plazo, entidades del grupo",0
6961000000,"Pérdidas por deterioro de participaciones en instrumentos de patrimonio neto a largo plazo, empresas asociadas","P?rdidas por deterioro de participaciones en instrumentos de patrimonio neto a largo plazo, entidades asociadas",0
6962000000,"Pérdidas por deterioro de participaciones en instrumentos de patrimonio neto a largo plazo, otras partes vinculadas",,
6963000000,"Pérdidas por deterioro de participaciones en instrumentos de patrimonio neto a largo plazo, otras empresas","P?rdidas por deterioro de participaciones en instrumento de patrimonio neto a largo plazo, otras entidades",0
6965000000,"Pérdidas por deterioro en valores representativos de deuda a largo plazo, empresas del grupo","P?rdidas por deterioro en valores representativos de deuda a largo plazo, entidades del grupo",0
6966000000,"Pérdidas por deterioro en valores representativos de deuda a largo plazo, empresas asociadas","P?rdidas por deterioro en valores representativos de deuda a largo plazo, entidades asociadas",0
6967000000,"Pérdidas por deterioro en valores representativos de deuda a largo plazo, otras partes vinculadas",,
6968000000,"Pérdidas por deterioro en valores representativos de deuda a largo plazo, de otras empresas","P?rdidas por deterioro de valores representativos de deuda a largo plazo, otras entidades",0
697,Pérdidas por deterioro de créditos a largo plazo,,
6970000000,"Pérdidas por deterioro de créditos a largo plazo, empresas del grupo","P?rdidas por deterioro de cr?ditos a largo plazo, entidades del grupo",0
6971000000,"Pérdidas por deterioro de créditos a largo plazo, empresas asociadas","P?rdidas por deterioro de cr?ditos a largo, entidades asociadas",0
6972000000,"Pérdidas por deterioro de créditos a largo plazo, otras partes vinculadas",,
6973000000,"Pérdidas por deterioro de créditos a largo plazo, otras empresas","P?rdidas por deterioro de cr?ditos a largo plazo, otras entidades",0
698,Pérdidas por deterioro de participaciones y valores representativos de deuda a corto plazo,,
6980000000,"Pérdidas por deterioro de participaciones en instrumentos de patrimonio neto a corto plazo, empresas del grupo","P?rdidas por deterioro de participaciones en instrumentos de patrimonio neto a corto plazo, entidades del grupo",0
6981000000,"Pérdidas por deterioro de participaciones en instrumentos de patrimonio neto a corto plazo, empresas asociadas","P?rdidas por deterioro de participaciones en instrumentos de patrimonio neto a corto plazo, entidades asociadas",0
6985000000,"Pérdidas por deterioro en valores representativos de deuda a corto plazo, empresas del grupo","P?rdidas por deterioro en valores representativos de deuda a corto plazo, entidades del grupo",0
6986000000,"Pérdidas por deterioro en valores representativos de deuda a corto plazo, empresas asociadas","P?rdidas por deterioro en valores representativos de deuda a corto plazo, entidades asociadas",0
6987000000,"Pérdidas por deterioro en valores representativos de deuda a corto plazo, otras partes vinculadas",,
6988000000,"Pérdidas por deterioro en valores representativos de deuda a corto plazo, de otras empresas","P?rdidas por deterioro en valores representativos de deuda a corto plazo, otras entidades.",0
699,Pérdidas por deterioro de créditos a corto plazo,,
6990000000,"Pérdidas por deterioro de créditos a corto plazo, empresas del grupo","P?rdidas por deterioro de cr?ditos a corto plazo, entidades del grupo",0
6991000000,"Pérdidas por deterioro de créditos a corto plazo, empresas asociadas","P?rdidas por deterioro de cr?ditos a corto plazo, entidades asociadas",0
6992000000,"Pérdidas por deterioro de créditos a corto plazo, otras partes vinculadas","P?rdidas por deterioro de cr?ditos a  corto plazo, otras partes vinculadas",0
6993000000,"Pérdidas por deterioro de créditos a corto plazo, otras empresas","P?rdidas por deterioro de cr?ditos a corto plazo, otras entidades",0
700,Ventas de mercaderías,,
7000000000,Ventas de mercader?as,,2
701,Ventas de productos terminados,,
7010000000,Ventas de productos terminados,,2
702,Ventas de productos semiterminados,,
7020000000,Ventas de productos semiterminados,,2
703,Ventas de subproductos y residuos,,
7030000000,Ventas de subproductos y residuos,,2
704,Ventas de envases y embalajes,,
7040000000,Ventas de envases y embalajes,,2
705,Prestaciones de servicios,,
7050000000,INGRESOS POR TRABAJOS REALIZADOS,Prestaciones de servicios,0
706,Descuentos sobre ventas por pronto pago,,
7060000000,Descuentos sobre ventas por pronto pago de mercaderías,,
7061000000,Descuentos sobre ventas por pronto pago de productos terminados,,
7062000000,Descuentos sobre ventas por pronto pago de productos semiterminados,,
7063000000,Descuentos sobre ventas por pronto pago de subproductos y residuos,,
708,Devoluciones de ventas y operaciones similares,,
7080000000,Devoluciones de ventas de mercaderías,,
7081000000,Devoluciones de ventas de productos terminados,,
7082000000,Devoluciones de ventas de productos semiterminados,,
7083000000,Devoluciones de ventas de subproductos y residuos,,
7084000000,Devoluciones de ventas de envases y embalajes,,
709,"Rappels"" sobre ventas""","""Rappels"" sobre ventas",0
7090000000,"Rappels"" sobre ventas de mercaderías""","""Rappels"" sobre ventas de mercader?as",0
7091000000,"Rappels"" sobre ventas de productos terminados""","""Rappels"" sobre ventas de productos terminados",0
7092000000,"Rappels"" sobre ventas de productos semiterminados""","""Rappels"" sobre ventas de productos semiterminados",0
7093000000,"Rappels"" sobre ventas de subproductos y residuos""","""Rappels"" sobre ventas de subproductos y residuos",0
7094000000,"Rappels"" sobre ventas de envases y embalajes""","""Rappels"" sobre ventas de envases y embalajes",0
710,Variación de existencias de productos en curso,,
7100000000,Variaci?n de existencias de productos en curso,,2
711,Variación de existencias de productos semiterminados,,
7110000000,Variaci?n de existencias de productos semiterminados,,2
712,Variación de existencias de productos terminados,,
7120000000,Variaci?n de existencias de productos terminados,,2
713,"Variación de existencias de subproductos, residuos y materiales recuperados",,
7130000000,"Variaci?n de existencias de subproductos, residuos y materiales recuperados",,2
720,Cuotas de asociados y afiliados,,2
7200000000,Cuotas de asociados y afiliados,,2
721,Cuotas de usuarios,,2
7210000000,Cuotas de usuarios,,2
722,Promociones para captaci?n de recursos,,2
7220000000,Promociones para captaci?n de recursos,,2
723,Ingresos de patrocinadores y colaboraciones,,2
7230000000,Patrocinio,,2
7231000000,Patrocinio publicitario,,2
7233000000,Colaboraciones empresariales,,2
728,Ingresos por reintegro de ayudas y asignaciones,,2
7280000000,Ingresos por reintegro de ayudas y asignaciones,,2
730,Trabajos realizados para el inmovilizado intangible,,
7300000000,Trabajos realizados para el inmovilizado intangible,,2
731,Trabajos realizados para el inmovilizado material,,
7310000000,Trabajos realizados para el inmovilizado material,,2
732,Trabajos realizados en inversiones inmobiliarias,,
7320000000,Trabajos realizados en inversiones inmobiliarias,,2
733,Trabajos realizados para el inmovilizado material en curso,,
7330000000,Trabajos realizados para el inmovilizado material en curso,,2
740,"Subvenciones, donaciones y legados a la explotación","Subvenciones, donaciones y legados a la actividad",0
7400000000,"Subvenciones, donaciones y legados a la actividad",,2
745,Subvenciones de capital transferidas al excedente del ejercicio,,2
7450000000,Subvenciones de capital transferidas al excedente del ejercicio,,2
746,"Subvenciones, donaciones y legados de capital transferidas al resultado del ejercicio",Donaciones y legados de capital transferidos al excedente del ejercicio,0
7460000000,Donaciones y legados de capital transferidos al excedente del ejercicio,,2
747,"Otras subvenciones, donaciones y legados transferidos al resultado del ejercicio",Otras donaciones y legados transferidos al excedente del ejercicio,0
7470000000,Otras donaciones y legados transferidos al excedente del ejercicio,,2
748,Otras subvenciones transferidas al excedente del ejercicio,,2
7480000000,Otras subvenciones transferidas al excedente del ejercicio,,2
751,Resultados de operaciones en común,,
7510000000,Pérdida transferida (gestor),,
7511000000,Beneficio atribuido (partícipe o asociado no gestor),,
752,Ingresos por arrendamientos,,
7520000000,Ingresos por arrendamientos,,2
753,Ingresos de propiedad industrial cedida en explotación,,
7530000000,Ingresos de propiedad industrial cedida en explotaci?n,,2
754,Ingresos por comisiones,,
7540000000,Ingresos por comisiones,,2
755,Ingresos por servicios al personal,,
7550000000,Ingresos por servicios al personal,,2
759,Ingresos por servicios diversos,,
7590000000,Ingresos por servicios diversos,,2
760,Ingresos de participaciones en instrumentos de patrimonio,,
7600000000,"Ingresos de participaciones en instrumentos de patrimonio, empresas del grupo","Ingresos de participaciones en instrumentos de patrimonio, entidades del grupo",0
7601000000,"Ingresos de participaciones en instrumentos de patrimonio, empresas asociadas","Ingresos de participaciones en instrumentos de patrimonio, entidades asociadas",0
7602000000,"Ingresos de participaciones en instrumentos de patrimonio, otras partes vinculadas",,
7603000000,"Ingresos de participaciones en instrumentos de patrimonio, otras empresas","Ingresos de participaciones en instrumentos de patrimonio, otras entidades",0
761,Ingresos de valores representativos de deuda,,
7610000000,"Ingresos de valores representativos de deuda, empresas del grupo","Ingresos de valores representativos de deuda, entidades del grupo",0
7611000000,"Ingresos de valores representativos de deuda, empresas asociadas","Ingresos de valores representativos de deuda, entidades asociadas",0
7612000000,"Ingresos de valores representativos de deuda, otras partes vinculadas",,
7613000000,"Ingresos de valores representativos de deuda, otras empresas","Ingresos de valores representativos de deuda, otras entidades",0
762,Ingresos de créditos,,
7620000000,Ingresos de créditos a largo plazo,"Ingresos de cr?ditos a largo plazo, entidades del grupo",0
7620100000,"Ingresos de créditos a largo plazo, empresas asociadas","Ingresos de cr?ditos a largo plazo, entidades asociadas",0
7620200000,"Ingresos de créditos a largo plazo, otras partes vinculadas",,
7620300000,"Ingresos de créditos a largo plazo, otras empresas","Ingresos de cr?ditos a largo plazo, otras entidades",0
7621000000,Ingresos de créditos a corto plazo,"Ingresos de cr?ditos a corto plazo, entidades del grupo",0
7621100000,"Ingresos de créditos a corto plazo, empresas asociadas","Ingresos de cr?ditos a corto plazo, entidades asociadas",0
7621200000,"Ingresos de créditos a corto plazo, otras partes vinculadas",,
7621300000,"Ingresos de créditos a corto plazo, otras empresas","Ingresos de cr?ditos a corto plazo, otras entidades",0
763,Beneficios por valoración de instrumentos financieros por su valor razonable,,
7630000000,Beneficios de cartera de negociación,Beneficios por valoraci?n de instrumentos financieros por su valor razonable,0
7631000000,Beneficios de designados por la empresa,,1
7632000000,Beneficios de disponibles para la venta,,1
7633000000,Beneficios de instrumentos de cobertura,,1
766,Beneficios en participaciones y valores representativos de deuda,,
7660000000,"Beneficios en valores representativos de deuda a largo plazo, empresas del grupo","Beneficios en valores representativos de deuda a largo plazo, entidades del grupo",0
7661000000,"Beneficios en valores representativos de deuda a largo plazo, empresas asociadas","Beneficios en valores representativos de deuda a largo plazo, entidades asociadas",0
7662000000,"Beneficios en valores representativos de deuda a largo plazo, otras partes vinculadas",,
7663000000,"Beneficios en participaciones y valores representativos de deuda a largo plazo, otras empresas","Beneficios en participaciones y valores representativos de deuda a largo plazo, otras entidades",0
7665000000,"Beneficios en participaciones y valores representativos de deuda a corto plazo, empresas del grupo","Beneficios en participaciones y valores representativos de deuda a corto plazo, entidades del grupo",0
7666000000,"Beneficios en  participaciones y valores representativos de deuda a corto plazo, empresas asociadas","Beneficios en participaciones y valores representativos de deuda a corto plazo, entidades asociadas",0
7667000000,"Beneficios en valores representativos de deuda a corto plazo, otras partes vinculadas",,
7668000000,"Beneficios en valores  representativos de deuda a corto plazo, otras empresas","Beneficios en valores representativos de deuda a corto plazo, otras entidades",0
767,Ingresos de activos afectos y de derechos de reembolso relativos a retribuciones a largo plazo,,1
768,Diferencias positivas de cambio,,
7680000000,Diferencias positivas de cambio,,2
769,Otros ingresos financieros,,
7690000000,Otros ingresos financieros,,2
770,Beneficios procedentes del inmovilizado intangible,,
7700000000,Beneficios procedentes del inmovilizado intangible,,2
771,Beneficios procedentes del inmovilizado material,Beneficios procedentes del inmovilizado material y de bienes del Patrimonio Hist?rico,0
7710000000,Beneficios procedentes del inmovilizado material y de bienes del Patrimonio Hist?rico,,2
772,Beneficios procedentes de las inversiones inmobiliarias,,
7720000000,Beneficios procedentes de las inversiones inmobiliarias,,2
773,Beneficios procedentes de participaciones a largo plazo en partes vinculadas,,
7733000000,"Beneficios procedentes de participaciones a largo plazo, empresas del grupo","Beneficios procedentes de participaciones a largo plazo, entidades del grupo",0
7734000000,"Beneficios procedentes de participaciones a largo plazo, empresas asociadas","Beneficios procedentes de participaciones a largo plazo, entidades asociadas",0
7735000000,"Beneficios procedentes de participaciones a largo plazo, otras partes vinculadas",,
774,Diferencia negativa en combinaciones de negocios,,1
775,Beneficios por operaciones con obligaciones propias,,
7750000000,Beneficios por operaciones con obligaciones propias,,2
778,Ingresos excepcionales,,
7780000000,Ingresos excepcionales,,2
790,Reversión del deterioro del inmovilizado intangible,,
7900000000,Reversi?n del deterioro del inmovilizado intangible,,2
791,Reversión del deterioro del inmovilizado material,Reversi?n del deterioro del inmovilizado material y de bienes del Patrimonio Hist?rico,0
7910000000,Reversi?n del deterioro del inmovilizado material y de bienes del Patrimonio Hist?rico,,2
792,Reversión del deterioro de las inversiones inmobiliarias,,
7920000000,Reversi?n del deterioro de las inversiones inmobiliarias,,2
793,Reversión del deterioro de existencias,,
7930000000,Reversión del deterioro de productos terminados y en curso de fabricación,,
7931000000,Reversión del deterioro de mercaderías,Reversi?n del deterioro de bienes destinados a la actividad,0
7932000000,Reversión del deterioro de materias primas,,
7933000000,Reversión del deterioro de otros aprovisionamientos,,
794,Reversión del deterioro de créditos por operaciones comerciales,Reversi?n del deterioro de cr?ditos por operaciones de la actividad,0
7940000000,Reversi?n del deterioro de cr?ditos por operaciones de la actividad,,2
795,Exceso de provisiones,,
7950000000,Exceso de provisión por retribuciones al personal,,1
7951000000,Exceso de provisión para impuestos,,
7952000000,Exceso de provisión para otras responsabilidades,,
7954000000,Exceso de provisión por operaciones comerciales,Exceso de provisi?n por operaciones de la actividad,0
7954400000,Exceso de provisión por contratos onerosos,,
7954900000,Exceso de provisión para otras operaciones comerciales,Exceso de provisi?n para otras operaciones de la actividad,0
7955000000,Exceso de provisión para actuaciones medioambientales,,
7956000000,Exceso de provisión para reestructuraciones,,1
7957000000,Exceso de provisión por transacciones con pagos basados en instrumentos de patrimonio,,1
796,Reversión del deterioro de participaciones y valores representativos de deuda a largo plazo,,
7960000000,"Reversión del deterioro de participaciones en instrumentos de patrimonio neto a largo plazo, empresas del grupo","Reversi?n del deterioro de participaciones en instrumentos de patrimonio neto a largo plazo, entidades del grupo",0
7961000000,"Reversión del deterioro de participaciones en instrumentos de patrimonio neto a largo plazo, empresas asociadas","Reversi?n del deterioro de participaciones en instrumentos de patrimonio neto a largo plazo, entidades asociadas",0
7962000000,"Reversi?n del deterioro de participaciones en instrumentos de patrimonio neto a largo plazo, otras partes vinculadas",,2
7963000000,"Reversi?n del deterioro de participaciones en instrumentos de patrimonio neto a largo plazo, otras entidades",,2
7965000000,"Reversión del deterioro de valores representativos de deuda a largo plazo, empresas del grupo","Reversi?n del deterioro de valores representativos de deuda a largo plazo, entidades del grupo",0
7966000000,"Reversión del deterioro de valores representativos de deuda a largo plazo, empresas asociadas","Reversi?n del deterioro de valores representativos de deuda a largo plazo, entidades asociadas",0
7967000000,"Reversión del deterioro de valores representativos de deuda a largo plazo, otras partes vinculadas",,
7968000000,"Reversión del deterioro de valores representativos de deuda a largo plazo, de otras empresas","Reversi?n del deterioro de valores representativos de deuda a largo plazo, otras entidades",0
797,Reversión del deterioro de créditos a largo plazo,,
7970000000,"Reversión del deterioro de créditos a largo plazo, empresas del grupo","Reversi?n del deterioro de cr?ditos a largo plazo, entidades del grupo",0
7971000000,"Reversión del deterioro de créditos a largo plazo, empresas asociadas","Reversi?n del deterioro de cr?ditos a largo plazo, entidades asociadas",0
7972000000,"Reversión del deterioro de créditos a largo plazo, otras partes vinculadas",,
7973000000,"Reversión del deterioro de créditos a largo plazo, otras empresas","Reversi?n del deterioro de cr?ditos a largo plazo, otras entidades",0
798,Reversión del deterioro de participaciones y valores representativos de deuda a corto plazo,,
7980000000,"Reversión del deterioro de participaciones en instrumentos de patrimonio neto a corto plazo, empresas del grupo","Reversi?n del deterioro de participaciones en instrumentos de patrimonio neto a corto plazo, entidades del grupo",0
7981000000,"Reversión del deterioro de participaciones en instrumentos de patrimonio neto a corto plazo, empresas asociadas","Reversi?n del deterioro de participaciones en instrumentos de patrimonio neto a corto plazo, entidades asociadas",0
7985000000,"Reversión del deterioro en valores representativos de deuda a corto plazo, empresas del grupo","Reversi?n del deterioro en valores representativos de deuda a corto plazo, entidades del grupo",0
7986000000,"Reversión del deterioro en valores representativos de deuda a corto plazo, empresas asociadas","Reversi?n del deterioro en valores representativos de deuda a corto plazo, entidades asociadas",0
7987000000,"Reversión del deterioro en valores representativos de deuda a corto plazo, otras partes vinculadas",,
7988000000,"Reversión del deterioro en valores representativos de deuda a corto plazo, otras empresas","Reversi?n del deterioro en valores representativos de deuda a corto plazo, otras entidades",0
799,Reversión del deterioro de créditos a corto plazo,,
7990000000,"Reversión del deterioro de créditos a corto plazo, empresas del grupo","Reversi?n del deterioro de cr?ditos a corto plazo, entidades del grupo",0
7991000000,"Reversión del deterioro de créditos a corto plazo, empresas asociadas","Reversi?n del deterioro de cr?ditos a corto plazo, entidades asociadas",0
7992000000,"Reversión del deterioro de créditos a corto plazo, otras partes vinculadas",,
7993000000,"Reversión del deterioro de créditos a corto plazo, otras empresas","Reversi?n del deterioro de cr?ditos a corto plazo, otras entidades",0
800,Pérdidas en activos financieros disponibles para la venta,,
8000000000,P?rdidas en activos financieros disponibles para la venta,,2
802,Transferencia de beneficios en activos financieros disponibles para la venta,,
8020000000,Transferencia de beneficios en activos financieros disponibles para la venta,,2
810,Pérdidas por coberturas de flujos de efectivo,,
8100000000,P?rdidas por coberturas de flujos de efectivo,,2
811,Pérdidas por coberturas de inversiones netas en un negocio en el extranjero,,1
812,Transferencia de beneficios por coberturas de flujos de efectivo,,
8120000000,Transferencia de beneficios por coberturas de flujos de efectivo,,2
813,Transferencia de beneficios por coberturas de inversiones netas en un negocio en el extranjero,,1
820,Diferencias de conversión negativas,,1
821,Transferencia de diferencias de conversión positivas,,1
830,Impuesto sobre beneficios,,
8300000000,Impuesto corriente,,
8301000000,Impuesto diferido,,
833,Ajustes negativos en la imposición sobre beneficios,,
8330000000,Ajustes negativos en la imposici?n sobre beneficios,,2
834,Ingresos fiscales por diferencias permanentes,,
8340000000,Ingresos fiscales por diferencias permanentes,,2
835,Ingresos fiscales por deducciones y bonificaciones,,
8350000000,Ingresos fiscales por deducciones y bonificaciones,,2
836,Transferencia de diferencias permanentes,,
8360000000,Transferencia de diferencias permanentes,,2
837,Transferencia de deducciones y bonificaciones,,
8370000000,Transferencia de deducciones y bonificaciones,,2
838,Ajustes positivos en la imposición sobre beneficios,,
8380000000,Ajustes positivos en la imposici?n sobre beneficios,,2
840,Transferencia de subvenciones oficiales de capital,,
8400000000,Transferencia de subvenciones oficiales de capital,,2
841,Transferencia de donaciones y legados de capital,,
8410000000,Transferencia de donaciones y legados de capital,,2
842,"Transferencia de otras subvenciones, donaciones y legados",,
8420000000,Transferencias de otras subvenciones,,2
8421000000,Transferencias de otras donaciones y legados,,2
850,Pérdidas actuariales,,
8500000000,P?rdidas actuariales,,2
851,Ajustes negativos en activos por retribuciones a largo plazo de prestación definida,,
8510000000,Ajustes negativos en activos por retribuciones a largo plazo de prestaci?n definida,,2
860,Pérdidas en activos no corrientes y grupos enajenables de elementos mantenidos para la venta,,1
862,Transferencia de beneficios en activos no corrientes y grupos enajenables de elementos mantenidos para la venta,,1
882,"Deterioro de participaciones en el patrimonio, entidades asociadas",,2
891,"Deterioro de participaciones en el patrimonio, empresas del grupo","Deterioro de participaciones en el patrimonio, entidades del grupo",0
8910000000,"Deterioro de participaciones en el patrimonio, entidades del grupo",,2
892,"Deterioro de participaciones en el patrimonio, empresas asociadas","Deterioro de participaciones en el patrimonio, entidades asociadas",0
8920000000,"Deterioro de participaciones en el patrimonio, entidades asociadas",,2
900,Beneficios en activos financieros disponibles para la venta,,
9000000000,Beneficios en activos financieros disponibles para la venta,,2
902,Transferencia de pérdidas de activos financieros disponibles para la venta,,
9020000000,Transferencia de p?rdidas de activos financieros disponibles para la venta,,2
910,Beneficios por coberturas de flujos de efectivo,,
9100000000,Beneficios por coberturas de flujos de efectivo,,2
911,Beneficios por coberturas de una inversión neta en un negocio en el extranjero,,1
912,Transferencia de pérdidas por coberturas de flujos de efectivo,,
9120000000,Transferencia de p?rdidas por coberturas de flujos de efectivo,,2
913,Transferencia de pérdidas por coberturas de una inversión neta en un negocio en el extranjero,,1
920,Diferencias de conversión positivas,,1
921,Transferencia de diferencias de conversión negativas,,1
940,Ingresos de subvenciones oficiales de capital,,
9400000000,Ingresos de subvenciones oficiales de capital,,2
941,Ingresos de donaciones y legados de capital,,
9410000000,Ingresos de donaciones y legados de capital,,2
942,"Ingresos de otras subvenciones, donaciones y legados",,
9420000000,Ingresos de otras subvenciones,,2
9421000000,Ingresos de otras donaciones y legados,,2
950,Ganancias actuariales,,
9500000000,Ganancias actuariales,,2
951,Ajustes positivos en activos por retribuciones a largo plazo de prestación definida,,
9510000000,Ajustes positivos en activos por retribuciones a largo plazo de prestaci?n definida,,2
960,Beneficios en activos no corrientes y grupos enajenables de elementos mantenidos para la venta,,1
962,Transferencia de pérdidas en activos no corrientes y grupos enajenables de elementos mantenidos para la venta,,1
991,"Recuperación de ajustes valorativos negativos previos, empresas del grupo","Recuperaci?n de ajustes valorativos negativos previos, entidades del grupo",0
9910000000,"Recuperaci?n de ajustes valorativos negativos previos, entidades del grupo",,2
992,"Recuperación de ajustes valorativos negativos previos, empresas asociadas","Recuperaci?n de ajustes valorativos negativos previos, entidades asociadas",0
9920000000,"Recuperaci?n de ajustes valorativos negativos previos, entidades asociadas",,2
993,"Transferencia por deterioro de ajustes valorativos negativos previos, empresas del grupo","Transferencia por deterioro de ajustes valorativos negativos previos, entidades del grupo",0
9930000000,"Transferencia por deterioro de ajustes valorativos negativos previos, entidades del grupo",,2
994,"Transferencia por deterioro de ajustes valorativos negativos previos, empresas asociadas","Transferencia por deterioro de ajustes valorativos negativos previos, entidades asociadas",0
9940000000,"Transferencia por deterioro de ajustes valorativos negativos previos, entidades asociadas",,2
